,name,PacePP0,PacePP1,PacePP2,PacePP3,PacePP4,PacePP5,PacePP6,PacePPE,PacePPW,PaceMO0,PaceMO1,PaceMO2,PaceMO3,PaceMO4,PaceMO5,PaceMO6,PaceMOE,PaceMOW,PaceDO0,PaceDO1,PaceDO2,PaceDO3,PaceDO4,PaceDO5,PaceDO6,PaceDOE,PaceDOW,SpinPP0,SpinPP1,SpinPP2,SpinPP3,SpinPP4,SpinPP5,SpinPP6,SpinPPE,SpinPPW,SpinMO0,SpinMO1,SpinMO2,SpinMO3,SpinMO4,SpinMO5,SpinMO6,SpinMOE,SpinMOW,SpinDO0,SpinDO1,SpinDO2,SpinDO3,SpinDO4,SpinDO5,SpinDO6,SpinDOE,SpinDOW,team,type
0,A Balbirnie,111 - 245,246 - 314,315 - 321,-,322 - 336,-,341 - 345,346 - 356,361 - 366,111 - 144,145 - 246,251 - 253,-,254 - 331,-,332 - 352,-,353 - 366,111 - 144,145 - 246,251 - 253,-,254 - 331,-,332 - 352,-,353 - 366,111 - 255,256 - 325,326 - 333,-,334 - 354,-,355 - 362,-,363 - 366,111 - 223,224 - 325,326 - 345,-,346 - 354,-,355 - 356,361 - 363,364 - 366,111 - 223,224 - 325,326 - 345,-,346 - 354,-,355 - 356,361 - 363,364 - 366,Ireland,Batter
1,A Ndlovu,111 - 366,-,-,-,-,-,-,-,-,111 - 366,-,-,-,-,-,-,-,-,111 - 251,252 - 325,326 - 335,-,336 - 352,-,-,353 - 366,-,111 - 366,-,-,-,-,-,-,-,-,111 - 366,-,-,-,-,-,-,-,-,111 - 366,-,-,-,-,-,-,-,-,Zimbabwe,Bowler
2,A Nortje,111 - 315,316 - 342,-,-,-,-,-,-,343 - 366,111 - 315,316 - 342,-,-,-,-,-,-,343 - 366,-,111 - 166,211 - 236,-,-,-,-,241 - 266,311 - 366,111 - 315,316 - 342,-,-,-,-,-,-,343 - 366,111 - 315,316 - 342,-,-,-,-,-,-,343 - 366,-,111 - 166,211 - 236,-,-,-,-,241 - 266,311 - 366,South Africa,Bowler
3,A Zampa,111 - 334,335 - 354,-,-,-,-,-,355 - 362,363 - 366,111 - 334,335 - 354,-,-,-,-,-,355 - 362,363 - 366,111 - 334,335 - 354,-,-,-,-,-,355 - 362,363 - 366,111 - 334,335 - 354,-,-,-,-,-,355 - 362,363 - 366,111 - 334,335 - 354,-,-,-,-,-,355 - 362,363 - 366,111 - 334,335 - 354,-,-,-,-,-,355 - 362,363 - 366,Australia,Bowler
4,Aamer Jamal,-,111 - 332,-,-,-,-,-,-,333 - 366,-,111 - 332,-,-,-,-,-,-,333 - 366,-,111 - 332,-,-,-,-,-,-,333 - 366,-,-,111 - 236,-,241 - 366,-,-,-,-,-,-,111 - 236,-,241 - 366,-,-,-,-,-,-,111 - 236,-,241 - 366,-,-,-,-,Pakistan,Allrounder
5,AC Agar,111 - 241,242 - 315,-,-,316 - 331,-,-,332 - 366,-,111 - 136,141 - 256,261 - 326,-,331 - 336,-,-,341 - 356,361 - 366,111 - 114,115 - 156,-,-,161 - 221,-,222 - 263,264 - 345,346 - 366,111 - 235,236 - 341,-,-,342 - 351,-,352 - 356,-,361 - 366,111 - 365,366 - 366,-,-,-,-,-,-,-,111 - 114,115 - 156,-,-,161 - 221,-,222 - 263,264 - 345,346 - 366,Australia,Bowler
6,AD Hales,111 - 165,166 - 243,244 - 246,-,251 - 343,-,344 - 352,353 - 361,362 - 366,111 - 113,114 - 241,-,-,242 - 323,-,-,324 - 353,354 - 366,-,111 - 166,-,-,211 - 266,-,-,-,311 - 366,111 - 142,143 - 243,244 - 321,322 - 332,333 - 343,-,-,-,344 - 366,-,111 - 354,355 - 366,-,-,-,-,-,-,-,111 - 166,-,-,211 - 266,-,-,-,311 - 366,England,Batter
7,AD Russell,111 - 222,223 - 314,-,-,-,-,-,-,315 - 366,111 - 222,223 - 314,-,-,-,-,-,-,315 - 366,111 - 213,214 - 255,-,-,256 - 324,-,325 - 353,-,354 - 366,111 - 215,216 - 312,-,-,-,-,-,-,313 - 366,111 - 215,216 - 312,-,-,-,-,-,-,313 - 366,111 - 213,214 - 255,-,-,256 - 324,-,325 - 353,-,354 - 366,West Indies,Allrounder
8,AF Milne,111 - 222,-,-,-,-,-,223 - 314,-,315 - 366,111 - 222,-,-,-,-,-,223 - 314,-,315 - 366,-,111 - 153,154 - 323,-,-,-,-,324 - 366,-,111 - 366,-,-,-,-,-,-,-,-,111 - 366,-,-,-,-,-,-,-,-,-,111 - 153,154 - 323,-,-,-,-,324 - 366,-,New Zealand,Bowler
9,Afif Hossain,111 - 233,234 - 336,-,-,341 - 346,-,351 - 356,361 - 366,-,111 - 141,142 - 261,262 - 315,316 - 316,321 - 341,-,342 - 345,346 - 362,363 - 366,111 - 135,136 - 251,252 - 312,-,313 - 325,-,-,326 - 345,346 - 366,111 - 366,-,-,-,-,-,-,-,-,111 - 231,232 - 323,324 - 341,342 - 342,343 - 351,-,352 - 355,356 - 362,363 - 366,111 - 125,126 - 232,233 - 263,-,-,-,-,264 - 335,336 - 366,Bangladesh,Allrounder
10,Afsar Zazai,-,111 - 153,154 - 236,-,-,-,-,241 - 366,-,111 - 152,153 - 222,-,-,223 - 235,-,236 - 252,253 - 366,-,111 - 152,153 - 222,-,-,223 - 235,-,236 - 252,253 - 366,-,111 - 255,256 - 366,-,-,-,-,-,-,-,111 - 154,155 - 334,335 - 352,-,-,-,-,-,353 - 366,111 - 154,155 - 334,335 - 352,-,-,-,-,-,353 - 366,Afghanistan,WK Batter
11,AJ Finch,111 - 162,163 - 252,253 - 265,266 - 311,312 - 342,-,343 - 352,353 - 361,362 - 366,111 - 161,162 - 266,311 - 333,-,334 - 354,-,355 - 355,356 - 365,366 - 366,111 - 123,124 - 252,253 - 263,-,264 - 315,-,-,316 - 331,332 - 366,111 - 222,223 - 264,265 - 316,-,321 - 343,-,344 - 346,351 - 355,356 - 366,111 - 222,223 - 342,343 - 352,-,353 - 355,-,356 - 356,-,361 - 366,111 - 123,124 - 252,253 - 263,-,264 - 315,-,-,316 - 331,332 - 366,Australia,Batter
12,AJ Hosein,111 - 322,323 - 354,355 - 362,-,-,-,363 - 364,-,365 - 366,111 - 322,323 - 354,355 - 362,-,-,-,363 - 364,-,365 - 366,111 - 111,112 - 216,221 - 226,-,231 - 256,-,261 - 336,341 - 356,361 - 366,111 - 331,332 - 352,-,-,-,-,353 - 354,355 - 364,365 - 366,111 - 331,332 - 352,-,-,-,-,353 - 354,355 - 364,365 - 366,-,111 - 366,-,-,-,-,-,-,-,West Indies,Bowler
13,AK Markram,111 - 214,215 - 312,-,-,313 - 352,-,-,353 - 366,-,111 - 161,162 - 314,315 - 326,331 - 331,332 - 342,-,343 - 355,356 - 364,365 - 366,-,111 - 222,223 - 236,241 - 243,244 - 323,-,324 - 345,346 - 363,364 - 366,111 - 231,232 - 316,-,-,321 - 343,-,-,344 - 366,-,-,111 - 263,264 - 322,-,323 - 332,-,333 - 351,352 - 356,361 - 366,-,111 - 222,223 - 236,241 - 243,244 - 323,-,324 - 345,346 - 363,364 - 366,South Africa,Batter
14,AL Phehlukwayo,-,111 - 236,-,-,241 - 366,-,-,-,-,-,111 - 236,-,-,241 - 366,-,-,-,-,111 - 256,261 - 344,345 - 355,-,-,-,-,-,356 - 366,-,111 - 366,-,-,-,-,-,-,-,-,111 - 366,-,-,-,-,-,-,-,111 - 256,261 - 344,345 - 355,-,-,-,-,-,356 - 366,South Africa,Bowler
15,AM Fernando,-,-,-,-,111 - 236,-,-,241 - 366,-,-,-,-,-,111 - 236,-,-,241 - 366,-,-,-,-,-,111 - 236,-,-,241 - 366,-,-,-,-,-,111 - 236,-,-,241 - 366,-,-,-,-,-,111 - 236,-,-,241 - 366,-,-,-,-,-,111 - 236,-,-,241 - 366,-,Sri Lanka,Bowler
16,Aminul Islam Biplob,111 - 366,-,-,-,-,-,-,-,-,111 - 366,-,-,-,-,-,-,-,-,111 - 314,315 - 356,361 - 363,-,-,-,-,-,364 - 366,111 - 366,-,-,-,-,-,-,-,-,111 - 366,-,-,-,-,-,-,-,-,-,111 - 366,-,-,-,-,-,-,-,Bangladesh,Allrounder
17,Anamul Haque,111 - 216,221 - 261,262 - 264,265 - 311,312 - 335,-,-,336 - 353,354 - 366,-,111 - 144,-,-,-,-,145 - 222,223 - 366,-,-,111 - 144,-,-,-,-,145 - 222,223 - 366,-,111 - 221,222 - 321,322 - 336,-,341 - 351,-,-,352 - 355,356 - 366,111 - 163,164 - 334,335 - 342,-,343 - 346,-,351 - 354,-,355 - 366,111 - 163,164 - 334,335 - 342,-,343 - 346,-,351 - 354,-,355 - 366,Bangladesh,WK Batter
18,AR McBrine,111 - 152,153 - 323,-,-,-,-,-,-,324 - 366,111 - 152,153 - 323,-,-,-,-,-,-,324 - 366,-,111 - 236,241 - 323,-,-,-,324 - 366,-,-,111 - 152,153 - 323,-,-,-,-,-,-,324 - 366,111 - 152,153 - 323,-,-,-,-,-,-,324 - 366,-,111 - 236,241 - 323,-,-,-,324 - 366,-,-,Ireland,Bowler
19,AR Patel,111 - 136,141 - 314,-,-,315 - 342,-,-,343 - 354,355 - 366,111 - 136,141 - 314,-,-,315 - 342,-,-,343 - 354,355 - 366,111 - 125,126 - 221,222 - 235,-,236 - 253,-,254 - 311,312 - 345,346 - 366,111 - 126,131 - 326,-,-,331 - 366,-,-,-,-,111 - 126,131 - 326,-,-,331 - 366,-,-,-,-,-,-,-,-,111 - 166,-,-,211 - 266,311 - 366,India,Allrounder
20,Arshdeep Singh,-,111 - 236,241 - 323,-,-,-,-,324 - 366,-,-,111 - 236,241 - 323,-,-,-,-,324 - 366,-,-,111 - 236,241 - 323,-,-,-,-,324 - 366,-,-,111 - 236,241 - 323,-,-,-,-,324 - 366,-,-,111 - 236,241 - 323,-,-,-,-,324 - 366,-,-,111 - 236,241 - 323,-,-,-,-,324 - 366,-,India,Bowler
21,AS Joseph,111 - 366,-,-,-,-,-,-,-,-,111 - 366,-,-,-,-,-,-,-,-,111 - 131,132 - 242,-,-,-,-,243 - 255,256 - 353,354 - 366,111 - 366,-,-,-,-,-,-,-,-,111 - 366,-,-,-,-,-,-,-,-,111 - 325,326 - 366,-,-,-,-,-,-,-,West Indies,Bowler
22,Asghar Stanikzai,111 - 353,-,-,-,-,-,-,-,354 - 366,111 - 353,-,-,-,-,-,-,-,354 - 366,111 - 353,-,-,-,-,-,-,-,354 - 366,111 - 255,-,-,-,256 - 332,-,333 - 366,-,-,111 - 255,-,-,-,256 - 332,-,333 - 366,-,-,111 - 255,-,-,-,256 - 332,-,333 - 366,-,-,Afghanistan,Batter
23,Asif Ali,111 - 144,145 - 255,256 - 312,-,313 - 341,-,342 - 345,346 - 353,354 - 366,111 - 144,145 - 255,256 - 312,-,313 - 341,-,342 - 345,346 - 353,354 - 366,111 - 161,162 - 226,231 - 232,-,233 - 243,-,244 - 331,332 - 336,341 - 366,111 - 264,265 - 335,336 - 352,353 - 361,-,-,-,-,362 - 366,111 - 264,265 - 335,336 - 352,353 - 361,-,-,-,-,362 - 366,111 - 214,215 - 245,246 - 263,-,-,-,264 - 321,322 - 352,353 - 366,Pakistan,Batter
24,AU Rashid,111 - 156,161 - 256,261 - 311,-,312 - 322,-,-,323 - 355,356 - 366,111 - 156,161 - 256,261 - 311,-,312 - 322,-,-,323 - 355,356 - 366,111 - 125,126 - 314,315 - 326,-,331 - 342,-,-,-,343 - 366,111 - 315,-,-,-,-,-,-,-,316 - 366,111 - 315,-,-,-,-,-,-,-,316 - 366,-,111 - 332,-,-,333 - 366,-,-,-,-,England,Bowler
25,Avesh Khan,111 - 125,126 - 314,-,-,-,-,315 - 342,-,343 - 366,111 - 125,126 - 314,-,-,-,-,315 - 342,-,343 - 366,111 - 125,126 - 314,-,-,-,-,315 - 342,-,343 - 366,111 - 125,126 - 314,-,-,-,-,315 - 342,-,343 - 366,111 - 125,126 - 314,-,-,-,-,315 - 342,-,343 - 366,111 - 125,126 - 314,-,-,-,-,315 - 342,-,343 - 366,India,Bowler
26,Azmatullah Omarzai,111 - 262,263 - 333,334 - 335,336 - 344,345 - 352,-,353 - 354,355 - 364,365 - 366,111 - 262,263 - 333,334 - 335,336 - 344,345 - 352,-,353 - 354,355 - 364,365 - 366,111 - 156,161 - 251,-,-,252 - 315,-,316 - 331,-,332 - 366,111 - 214,215 - 341,342 - 346,-,351 - 355,-,-,356 - 361,362 - 366,111 - 214,215 - 341,342 - 346,-,351 - 355,-,-,356 - 361,362 - 366,111 - 156,161 - 251,-,-,252 - 315,-,316 - 331,-,332 - 366,Afghanistan,Bowler
27,B Evans,111 - 164,165 - 325,-,326 - 366,-,-,-,-,-,111 - 164,165 - 325,-,326 - 366,-,-,-,-,-,111 - 164,165 - 325,-,326 - 366,-,-,-,-,-,111 - 164,165 - 325,-,326 - 366,-,-,-,-,-,111 - 164,165 - 325,-,326 - 366,-,-,-,-,-,111 - 164,165 - 325,-,326 - 366,-,-,-,-,-,Zimbabwe,Bowler
28,B Fernando,-,111 - 366,-,-,-,-,-,-,-,-,111 - 366,-,-,-,-,-,-,-,-,111 - 366,-,-,-,-,-,-,-,-,111 - 366,-,-,-,-,-,-,-,-,111 - 366,-,-,-,-,-,-,-,-,111 - 366,-,-,-,-,-,-,-,Sri Lanka,Bowler
29,B Kumar,111 - 145,146 - 256,261 - 322,-,-,-,-,323 - 333,334 - 366,111 - 145,146 - 256,261 - 322,-,-,-,-,323 - 333,334 - 366,111 - 145,146 - 256,261 - 322,-,-,-,-,323 - 333,334 - 366,111 - 145,146 - 256,261 - 322,-,-,-,-,323 - 333,334 - 366,111 - 145,146 - 256,261 - 322,-,-,-,-,323 - 333,334 - 366,111 - 145,146 - 256,261 - 322,-,-,-,-,323 - 333,334 - 366,India,Bowler
30,BA King,111 - 222,223 - 314,315 - 321,-,322 - 355,-,356 - 356,361 - 363,364 - 366,111 - 162,163 - 266,311 - 314,-,315 - 342,-,343 - 351,352 - 354,355 - 366,-,111 - 266,-,-,311 - 336,-,-,-,341 - 366,111 - 231,232 - 321,322 - 323,324 - 324,325 - 343,-,344 - 353,354 - 363,364 - 366,111 - 165,166 - 332,333 - 335,336 - 336,341 - 351,-,352 - 361,362 - 363,364 - 366,-,111 - 266,-,-,311 - 336,-,-,-,341 - 366,West Indies,Batter
31,Babar Azam,111 - 164,165 - 256,261 - 313,314 - 314,315 - 346,-,-,351 - 361,362 - 366,111 - 116,121 - 262,263 - 324,325 - 325,326 - 353,-,354 - 361,362 - 364,365 - 366,111 - 134,135 - 242,243 - 265,-,266 - 332,-,333 - 351,352 - 366,-,111 - 231,232 - 334,335 - 344,-,345 - 362,-,-,363 - 363,364 - 366,111 - 141,142 - 315,316 - 326,-,331 - 341,-,342 - 351,352 - 361,362 - 366,-,111 - 236,-,-,-,-,-,-,241 - 366,Pakistan,Batter
32,BJ Dwarshuis,111 - 366,-,-,-,-,-,-,-,-,111 - 366,-,-,-,-,-,-,-,-,111 - 366,-,-,-,-,-,-,-,-,111 - 366,-,-,-,-,-,-,-,-,111 - 366,-,-,-,-,-,-,-,-,111 - 366,-,-,-,-,-,-,-,-,Australia,Bowler
33,BJ McCarthy,111 - 142,143 - 223,224 - 244,-,245 - 315,-,316 - 325,326 - 366,-,111 - 142,143 - 223,224 - 244,-,245 - 315,-,316 - 325,326 - 366,-,111 - 323,324 - 336,-,-,-,-,341 - 346,351 - 353,354 - 366,111 - 226,231 - 324,-,-,325 - 341,-,-,-,342 - 366,111 - 226,231 - 324,-,-,325 - 341,-,-,-,342 - 366,-,111 - 236,241 - 323,-,324 - 366,-,-,-,-,Ireland,Bowler
34,BKG Mendis,111 - 212,213 - 323,324 - 342,-,343 - 352,-,353 - 356,-,361 - 366,111 - 146,151 - 264,265 - 311,-,312 - 333,-,334 - 336,341 - 353,354 - 366,111 - 145,146 - 222,223 - 241,-,242 - 314,-,-,315 - 366,-,111 - 212,213 - 322,-,-,323 - 333,-,334 - 366,-,-,111 - 135,136 - 316,321 - 336,-,341 - 346,-,351 - 362,363 - 363,364 - 366,-,111 - 366,-,-,-,-,-,-,-,Sri Lanka,WK Batter
35,BM Duckett,111 - 156,161 - 242,243 - 251,-,252 - 351,-,-,352 - 361,362 - 366,111 - 126,131 - 316,321 - 341,-,342 - 366,-,-,-,-,111 - 156,161 - 263,264 - 342,-,343 - 354,-,355 - 366,-,-,111 - 156,161 - 242,243 - 251,-,252 - 351,-,-,352 - 361,362 - 366,-,111 - 243,244 - 266,-,311 - 354,-,355 - 355,356 - 356,361 - 366,111 - 156,161 - 263,264 - 342,-,343 - 354,-,355 - 366,-,-,England,Batter
36,BR McDermott,111 - 264,265 - 335,336 - 353,-,354 - 364,-,-,-,365 - 366,111 - 131,132 - 262,263 - 321,-,322 - 331,-,332 - 341,342 - 356,361 - 366,111 - 234,235 - 322,323 - 333,-,334 - 366,-,-,-,-,111 - 165,166 - 261,262 - 266,-,311 - 324,-,325 - 333,334 - 342,343 - 366,111 - 245,246 - 344,345 - 355,-,-,-,356 - 366,-,-,111 - 234,235 - 322,323 - 333,-,334 - 366,-,-,-,-,Australia,WK Batter
37,C Campher,111 - 336,341 - 346,-,-,351 - 356,-,-,361 - 366,-,111 - 166,211 - 245,246 - 253,-,254 - 332,333 - 335,-,336 - 351,352 - 366,111 - 111,112 - 151,152 - 226,-,231 - 266,-,311 - 326,331 - 346,351 - 366,111 - 366,-,-,-,-,-,-,-,-,111 - 146,151 - 321,322 - 325,-,326 - 335,-,336 - 343,344 - 356,361 - 366,111 - 111,112 - 151,152 - 226,-,231 - 266,-,311 - 326,331 - 346,351 - 366,Ireland,Allrounder
38,C Green,111 - 125,126 - 166,211 - 222,-,223 - 312,-,313 - 341,342 - 362,363 - 366,111 - 152,153 - 236,-,-,241 - 266,-,311 - 323,324 - 336,341 - 366,111 - 152,153 - 236,-,-,241 - 266,-,311 - 323,324 - 336,341 - 366,111 - 163,164 - 235,-,-,236 - 355,-,-,-,356 - 366,111 - 263,264 - 322,-,-,323 - 332,-,333 - 356,-,361 - 366,111 - 263,264 - 322,-,-,323 - 332,-,333 - 356,-,361 - 366,Australia,Allrounder
39,C Karunaratne,111 - 152,153 - 256,261 - 311,-,312 - 322,-,323 - 333,334 - 344,345 - 366,111 - 152,153 - 256,261 - 311,-,312 - 322,-,323 - 333,334 - 344,345 - 366,111 - 154,155 - 252,253 - 314,-,315 - 326,-,331 - 333,334 - 352,353 - 366,111 - 315,316 - 351,352 - 354,-,-,-,355 - 356,361 - 363,364 - 366,111 - 315,316 - 351,352 - 354,-,-,-,355 - 356,361 - 363,364 - 366,111 - 213,214 - 321,322 - 336,-,341 - 346,-,351 - 356,-,361 - 366,Sri Lanka,Allrounder
40,C Madande,111 - 366,-,-,-,-,-,-,-,-,111 - 366,-,-,-,-,-,-,-,-,111 - 366,-,-,-,-,-,-,-,-,111 - 366,-,-,-,-,-,-,-,-,111 - 366,-,-,-,-,-,-,-,-,111 - 366,-,-,-,-,-,-,-,-,Zimbabwe,WK Batter
41,CA Young,-,-,-,-,-,-,-,111 - 366,-,-,-,-,-,-,-,-,111 - 366,-,111 - 234,235 - 256,-,-,-,-,-,261 - 322,323 - 366,-,-,-,-,-,-,-,-,111 - 366,-,-,-,-,-,-,-,-,111 - 366,111 - 366,-,-,-,-,-,-,-,-,Ireland,Bowler
42,CBRLS Kumara,-,-,-,-,-,-,-,-,111 - 366,-,-,-,-,-,-,-,-,111 - 366,-,-,-,-,-,-,-,-,111 - 366,111 - 325,326 - 366,-,-,-,-,-,-,-,111 - 325,326 - 366,-,-,-,-,-,-,-,111 - 325,326 - 366,-,-,-,-,-,-,-,Sri Lanka,Bowler
43,CH Gayle,111 - 231,232 - 261,262 - 266,-,311 - 323,-,324 - 336,341 - 353,354 - 366,111 - 356,361 - 363,-,-,364 - 364,-,-,-,365 - 366,-,111 - 236,-,-,-,-,-,241 - 323,324 - 366,111 - 235,236 - 332,-,-,-,-,-,333 - 351,352 - 366,111 - 215,216 - 312,-,-,-,-,313 - 341,342 - 366,-,-,111 - 236,-,-,-,-,-,241 - 323,324 - 366,West Indies,Allrounder
44,CJ Jordan,111 - 146,151 - 263,264 - 316,-,321 - 341,-,342 - 354,355 - 362,363 - 366,111 - 146,151 - 263,264 - 316,-,321 - 341,-,342 - 354,355 - 362,363 - 366,111 - 135,136 - 223,224 - 244,-,245 - 312,-,313 - 325,326 - 342,343 - 366,111 - 233,234 - 324,325 - 346,-,351 - 354,-,355 - 362,-,363 - 366,111 - 233,234 - 324,325 - 346,-,351 - 354,-,355 - 362,-,363 - 366,111 - 252,253 - 316,-,-,-,-,-,321 - 343,344 - 366,England,Bowler
45,CR Ervine,111 - 214,215 - 263,264 - 312,-,313 - 343,-,-,344 - 361,362 - 366,-,111 - 266,-,-,-,-,-,-,311 - 366,-,111 - 266,-,-,-,-,-,-,311 - 366,111 - 162,163 - 241,242 - 251,252 - 261,262 - 321,-,322 - 331,332 - 356,361 - 366,111 - 223,224 - 312,313 - 331,-,-,-,-,332 - 341,342 - 366,111 - 223,224 - 312,313 - 331,-,-,-,-,332 - 341,342 - 366,Zimbabwe,Batter
46,CR Woakes,111 - 133,134 - 331,-,-,-,-,-,332 - 366,-,111 - 133,134 - 331,-,-,-,-,-,332 - 366,-,111 - 213,214 - 311,-,-,312 - 324,-,325 - 341,-,342 - 366,111 - 133,134 - 331,-,-,-,-,-,332 - 366,-,111 - 133,134 - 331,-,-,-,-,-,332 - 366,-,111 - 213,214 - 311,-,-,312 - 324,-,325 - 341,-,342 - 366,England,Allrounder
47,D Cleaver,111 - 222,223 - 264,-,265 - 314,315 - 324,-,-,325 - 345,346 - 366,111 - 165,166 - 332,333 - 341,-,342 - 345,-,346 - 362,363 - 366,-,111 - 221,222 - 313,314 - 332,-,333 - 351,-,352 - 366,-,-,111 - 222,223 - 264,-,265 - 314,315 - 324,-,-,325 - 345,346 - 366,111 - 145,146 - 233,234 - 321,-,322 - 352,-,-,353 - 366,-,111 - 221,222 - 313,314 - 332,-,333 - 351,-,352 - 366,-,-,New Zealand,WK Batter
48,D Madushanka,-,111 - 366,-,-,-,-,-,-,-,-,111 - 366,-,-,-,-,-,-,-,111 - 366,-,-,-,-,-,-,-,-,-,111 - 366,-,-,-,-,-,-,-,-,111 - 366,-,-,-,-,-,-,-,111 - 366,-,-,-,-,-,-,-,-,Sri Lanka,Bowler
49,D Pretorius,111 - 331,-,-,-,332 - 341,-,342 - 354,355 - 363,364 - 366,-,111 - 221,-,-,222 - 255,-,-,-,256 - 366,111 - 121,122 - 144,145 - 211,-,212 - 311,-,312 - 333,334 - 355,356 - 366,111 - 221,222 - 332,-,-,-,-,333 - 366,-,-,111 - 161,162 - 252,-,-,253 - 264,-,265 - 316,321 - 343,344 - 366,-,-,-,-,-,-,-,-,111 - 366,South Africa,Bowler
50,DA Miller,-,-,-,-,-,-,-,-,111 - 366,-,111 - 236,241 - 262,-,263 - 326,-,331 - 344,345 - 362,363 - 366,111 - 134,135 - 243,244 - 251,-,252 - 312,-,313 - 341,342 - 364,365 - 366,-,-,-,-,-,-,-,-,111 - 366,111 - 134,135 - 266,311 - 323,-,324 - 334,-,335 - 354,355 - 363,364 - 366,111 - 112,113 - 162,163 - 316,-,-,-,321 - 366,-,-,South Africa,Batter
51,DA Warner,111 - 211,212 - 263,264 - 312,313 - 313,314 - 351,-,352 - 355,356 - 363,364 - 366,111 - 126,131 - 261,-,-,262 - 342,-,343 - 345,346 - 361,362 - 366,111 - 325,-,-,-,326 - 366,-,-,-,-,111 - 155,156 - 266,311 - 321,-,322 - 362,-,363 - 366,-,-,111 - 131,132 - 251,252 - 315,316 - 316,321 - 342,-,343 - 351,352 - 363,364 - 366,111 - 325,-,-,-,326 - 366,-,-,-,-,Australia,Batter
52,Darwish Rasooli,111 - 233,234 - 252,-,253 - 311,312 - 346,-,-,351 - 366,-,111 - 322,323 - 353,-,-,-,-,-,-,354 - 366,-,111 - 254,-,-,-,-,-,255 - 332,333 - 366,111 - 355,-,356 - 362,-,-,-,-,-,363 - 366,111 - 242,243 - 366,-,-,-,-,-,-,-,111 - 366,-,-,-,-,-,-,-,-,Afghanistan,Batter
53,DC Drakes,111 - 222,223 - 314,-,-,-,-,-,-,315 - 366,111 - 222,223 - 314,-,-,-,-,-,-,315 - 366,111 - 145,-,-,-,146 - 222,-,-,-,223 - 366,111 - 252,253 - 331,-,-,332 - 346,-,-,-,351 - 366,111 - 252,253 - 331,-,-,332 - 346,-,-,-,351 - 366,111 - 225,-,-,-,226 - 252,-,-,253 - 366,-,West Indies,Bowler
54,DC Thomas,111 - 153,154 - 316,-,-,321 - 352,-,-,-,353 - 366,111 - 152,153 - 235,-,-,-,-,-,-,236 - 366,111 - 134,135 - 266,311 - 323,-,324 - 336,-,341 - 366,-,-,111 - 366,-,-,-,-,-,-,-,-,111 - 215,216 - 256,261 - 325,-,326 - 341,-,-,-,342 - 366,111 - 134,135 - 266,311 - 323,-,324 - 336,-,341 - 366,-,-,West Indies,Batter
55,DJ Bravo,111 - 366,-,-,-,-,-,-,-,-,111 - 133,134 - 251,-,-,252 - 311,-,312 - 331,332 - 346,351 - 366,111 - 111,112 - 211,212 - 231,-,232 - 251,-,-,252 - 326,331 - 366,111 - 366,-,-,-,-,-,-,-,-,111 - 353,354 - 366,-,-,-,-,-,-,-,-,111 - 236,-,-,-,-,-,-,241 - 366,West Indies,Allrounder
56,DJ Hooda,111 - 243,244 - 323,324 - 326,-,331 - 346,-,351 - 353,354 - 366,-,111 - 124,125 - 234,235 - 251,252 - 252,253 - 331,-,332 - 341,342 - 362,363 - 366,-,111 - 223,224 - 253,-,254 - 323,-,-,324 - 344,345 - 366,111 - 231,232 - 316,-,-,-,-,321 - 366,-,-,111 - 141,142 - 323,324 - 332,-,-,-,333 - 353,354 - 363,364 - 366,-,111 - 223,224 - 253,-,254 - 323,-,-,324 - 344,345 - 366,India,Allrounder
57,DJ Malan,111 - 222,223 - 265,266 - 311,312 - 312,313 - 343,-,344 - 345,346 - 362,363 - 366,111 - 221,222 - 314,315 - 323,324 - 324,325 - 351,-,352 - 355,356 - 363,364 - 366,111 - 115,116 - 213,214 - 235,-,236 - 311,-,312 - 333,334 - 355,356 - 366,111 - 244,245 - 341,-,-,342 - 351,-,-,352 - 366,-,111 - 125,126 - 265,266 - 314,315 - 316,321 - 336,-,341 - 346,351 - 355,356 - 366,-,-,-,-,-,-,-,-,111 - 366,England,Batter
58,DJ Mitchell,111 - 214,215 - 254,255 - 312,313 - 324,325 - 353,-,354 - 355,356 - 361,362 - 366,111 - 143,144 - 264,265 - 322,-,323 - 343,-,344 - 352,353 - 362,363 - 366,-,111 - 223,224 - 241,-,242 - 263,-,264 - 333,334 - 341,342 - 366,111 - 155,156 - 311,312 - 316,-,321 - 334,-,335 - 343,344 - 352,353 - 366,111 - 133,134 - 325,326 - 332,-,333 - 336,-,341 - 351,352 - 364,365 - 366,-,111 - 236,-,-,-,-,241 - 366,-,-,New Zealand,Allrounder
59,DJ Willey,111 - 311,312 - 354,-,-,355 - 362,-,363 - 366,-,-,111 - 311,312 - 354,-,-,355 - 362,-,363 - 366,-,-,111 - 234,235 - 252,-,-,253 - 336,-,341 - 353,-,354 - 366,111 - 164,165 - 333,-,-,334 - 351,-,-,-,352 - 366,111 - 164,165 - 333,-,-,334 - 351,-,-,-,352 - 366,111 - 234,235 - 252,-,-,253 - 336,-,341 - 353,-,354 - 366,England,Allrounder
60,DL Chahar,111 - 164,165 - 316,-,-,321 - 343,-,344 - 366,-,-,111 - 164,165 - 316,-,-,321 - 343,-,344 - 366,-,-,-,111 - 162,163 - 236,-,241 - 313,-,314 - 351,-,352 - 366,111 - 232,233 - 311,-,-,312 - 331,-,332 - 351,352 - 366,-,111 - 232,233 - 311,-,-,312 - 331,-,332 - 351,352 - 366,-,-,111 - 162,163 - 236,-,241 - 313,-,314 - 351,-,352 - 366,India,Bowler
61,DM Bravo,111 - 153,154 - 334,-,-,335 - 366,-,-,-,-,111 - 164,165 - 265,266 - 343,-,344 - 354,-,-,355 - 366,-,111 - 234,235 - 352,353 - 361,-,362 - 366,-,-,-,-,111 - 153,154 - 334,-,-,335 - 366,-,-,-,-,-,111 - 315,-,-,316 - 325,-,326 - 335,336 - 356,361 - 366,111 - 234,235 - 352,353 - 361,-,362 - 366,-,-,-,-,West Indies,Batter
62,DM de Silva,111 - 162,163 - 252,253 - 313,-,314 - 346,-,-,351 - 362,363 - 366,111 - 115,116 - 333,-,-,-,-,-,-,334 - 366,111 - 115,116 - 333,-,-,-,-,-,-,334 - 366,111 - 162,163 - 252,253 - 313,-,314 - 346,-,-,351 - 362,363 - 366,111 - 115,116 - 333,-,-,-,-,-,-,334 - 366,111 - 115,116 - 333,-,-,-,-,-,-,334 - 366,Sri Lanka,Allrounder
63,DP Conway,111 - 241,242 - 326,331 - 334,-,335 - 346,-,351 - 354,355 - 366,-,111 - 152,153 - 314,315 - 324,-,325 - 332,-,333 - 344,345 - 362,363 - 366,-,111 - 316,-,-,-,-,-,321 - 343,344 - 366,-,111 - 366,-,-,-,-,-,-,-,111 - 151,152 - 255,256 - 321,-,322 - 354,-,355 - 356,361 - 362,363 - 366,111 - 225,-,226 - 316,-,321 - 343,-,-,344 - 366,-,New Zealand,WK Batter
64,DR Sams,111 - 222,223 - 314,315 - 333,-,-,-,334 - 352,353 - 366,-,111 - 222,223 - 314,315 - 333,-,-,-,334 - 352,353 - 366,-,111 - 113,114 - 234,235 - 244,-,245 - 315,-,316 - 325,326 - 356,361 - 366,111 - 315,316 - 346,351 - 366,-,-,-,-,-,-,111 - 315,316 - 346,351 - 366,-,-,-,-,-,-,111 - 113,114 - 234,235 - 244,-,245 - 315,-,316 - 325,326 - 356,361 - 366,Australia,Allrounder
65,DT Tiripano,111 - 315,-,-,-,-,-,-,-,316 - 366,111 - 315,-,-,-,-,-,-,-,316 - 366,-,111 - 366,-,-,-,-,-,-,-,111 - 315,-,-,-,-,-,-,-,316 - 366,111 - 315,-,-,-,-,-,-,-,316 - 366,-,111 - 366,-,-,-,-,-,-,-,Zimbabwe,Bowler
66,E Lewis,111 - 141,142 - 225,-,-,226 - 322,-,323 - 331,332 - 344,345 - 366,111 - 352,353 - 364,-,-,365 - 366,-,-,-,-,111 - 352,353 - 364,-,-,365 - 366,-,-,-,-,111 - 352,353 - 354,355 - 355,-,356 - 356,-,361 - 364,365 - 366,-,111 - 215,216 - 255,-,-,256 - 313,-,314 - 335,336 - 352,353 - 366,111 - 215,216 - 255,-,-,256 - 313,-,314 - 335,336 - 352,353 - 366,West Indies,Batter
67,EJG Morgan,111 - 366,-,-,-,-,-,-,-,-,111 - 231,232 - 324,325 - 333,-,334 - 341,-,342 - 345,346 - 364,365 - 366,111 - 162,163 - 242,243 - 262,-,263 - 326,-,331 - 334,335 - 354,355 - 366,111 - 366,-,-,-,-,-,-,-,-,111 - 264,265 - 362,-,-,363 - 364,-,-,365 - 366,-,-,-,-,-,-,-,111 - 236,-,241 - 366,England,Batter
68,F Hand,-,-,-,-,-,-,-,-,111 - 366,-,-,-,-,-,-,-,-,111 - 366,111 - 256,-,-,-,-,-,261 - 344,-,345 - 366,111 - 154,155 - 244,245 - 262,-,263 - 366,-,-,-,-,111 - 154,155 - 244,245 - 262,-,263 - 366,-,-,-,-,-,111 - 236,241 - 366,-,-,-,-,-,-,Ireland,Allrounder
69,FA Allen,-,-,-,-,-,-,-,-,111 - 366,-,-,-,-,-,-,-,-,111 - 366,111 - 164,165 - 245,-,-,246 - 325,-,-,-,326 - 366,111 - 164,165 - 314,315 - 333,-,-,-,334 - 352,353 - 366,-,111 - 164,165 - 314,315 - 333,-,-,-,334 - 352,353 - 366,-,111 - 164,165 - 245,-,-,246 - 325,-,-,-,326 - 366,West Indies,Allrounder
70,Fakhar Zaman,111 - 224,225 - 312,313 - 316,-,321 - 345,346 - 352,353 - 355,-,356 - 366,111 - 232,233 - 325,326 - 332,-,333 - 346,-,351 - 352,353 - 361,362 - 366,111 - 125,126 - 231,232 - 255,-,256 - 264,-,265 - 342,343 - 361,362 - 366,111 - 243,244 - 326,331 - 333,-,334 - 344,-,345 - 351,352 - 355,356 - 366,111 - 214,215 - 342,343 - 352,-,353 - 361,-,362 - 362,-,363 - 366,111 - 353,354 - 366,-,-,-,-,-,-,-,Pakistan,Batter
71,Fareed Ahmad,111 - 366,-,-,-,-,-,-,-,-,111 - 366,-,-,-,-,-,-,-,-,111 - 366,-,-,-,-,-,-,-,-,111 - 366,-,-,-,-,-,-,-,-,111 - 366,-,-,-,-,-,-,-,-,111 - 366,-,-,-,-,-,-,-,-,Afghanistan,Bowler
72,FH Allen,111 - 161,162 - 234,235 - 242,-,243 - 315,-,316 - 334,335 - 352,353 - 366,111 - 161,162 - 234,235 - 242,-,243 - 315,-,316 - 334,335 - 352,353 - 366,111 - 161,162 - 234,235 - 242,-,243 - 315,-,316 - 334,335 - 352,353 - 366,111 - 161,162 - 234,235 - 242,-,243 - 315,-,316 - 334,335 - 352,353 - 366,111 - 161,162 - 234,235 - 242,-,243 - 315,-,316 - 334,335 - 352,353 - 366,111 - 161,162 - 234,235 - 242,-,243 - 315,-,316 - 334,335 - 352,353 - 366,New Zealand,Batter
73,GD Phillips,111 - 311,312 - 355,356 - 366,-,-,-,-,-,-,111 - 142,143 - 313,314 - 323,-,324 - 344,-,345 - 354,355 - 364,365 - 366,111 - 141,142 - 232,233 - 264,-,265 - 315,-,316 - 332,333 - 351,352 - 366,111 - 366,-,-,-,-,-,-,-,-,111 - 142,143 - 314,315 - 331,332 - 332,333 - 343,-,344 - 355,356 - 363,364 - 366,111 - 141,142 - 232,233 - 264,-,265 - 315,-,316 - 332,333 - 351,352 - 366,New Zealand,Batter
74,GH Dockrell,-,111 - 366,-,-,-,-,-,-,-,111 - 121,122 - 252,253 - 311,-,312 - 333,-,334 - 345,346 - 361,362 - 366,111 - 226,231 - 316,321 - 325,-,326 - 346,-,351 - 356,361 - 364,365 - 366,-,111 - 366,-,-,-,-,-,-,-,111 - 165,166 - 266,311 - 322,-,323 - 344,-,345 - 355,356 - 356,361 - 366,-,111 - 255,-,-,256 - 366,-,-,-,-,Ireland,Allrounder
75,GHS Garton,111 - 164,165 - 325,-,-,-,-,-,-,326 - 366,111 - 164,165 - 325,-,-,-,-,-,-,326 - 366,111 - 164,165 - 325,-,-,-,-,-,-,326 - 366,111 - 164,165 - 325,-,-,-,-,-,-,326 - 366,111 - 164,165 - 325,-,-,-,-,-,-,326 - 366,111 - 164,165 - 325,-,-,-,-,-,-,326 - 366,England,Allrounder
76,GI Hume,-,-,-,-,-,-,-,111 - 236,241 - 366,-,-,-,-,-,-,-,111 - 236,241 - 366,-,-,-,-,-,-,-,111 - 236,241 - 366,-,-,-,-,-,-,-,111 - 236,241 - 366,-,-,-,-,-,-,-,111 - 236,241 - 366,-,-,-,-,-,-,-,111 - 236,241 - 366,Ireland,Bowler
77,GJ Delany,111 - 144,145 - 162,163 - 233,-,234 - 264,-,-,265 - 321,322 - 366,111 - 322,323 - 335,-,-,-,-,-,-,336 - 366,111 - 256,261 - 366,-,-,-,-,-,-,-,111 - 255,-,256 - 332,-,-,-,-,-,333 - 366,111 - 143,144 - 244,245 - 323,-,324 - 332,-,-,333 - 336,341 - 366,111 - 256,261 - 366,-,-,-,-,-,-,-,Ireland,Allrounder
78,GJ Maxwell,111 - 233,234 - 312,313 - 351,-,-,-,-,-,352 - 366,111 - 216,221 - 316,321 - 335,-,336 - 346,-,351 - 352,353 - 363,364 - 366,111 - 223,224 - 323,-,-,324 - 353,-,-,354 - 366,-,-,111 - 236,-,-,241 - 323,-,-,-,324 - 366,111 - 145,146 - 263,264 - 324,-,325 - 336,-,341 - 345,346 - 351,352 - 366,-,111 - 221,222 - 332,-,333 - 366,-,-,-,-,Australia,Allrounder
79,Gulbadin Naib,111 - 311,312 - 344,-,-,345 - 366,-,-,-,-,111 - 214,215 - 324,325 - 333,-,334 - 361,-,-,362 - 366,-,111 - 136,141 - 232,233 - 253,-,254 - 324,-,325 - 334,335 - 366,-,111 - 311,312 - 344,-,-,345 - 366,-,-,-,-,111 - 265,266 - 354,-,-,-,-,-,-,355 - 366,111 - 136,141 - 232,233 - 253,-,254 - 324,-,325 - 334,335 - 366,-,Afghanistan,Allrounder
80,H Klaasen,111 - 331,332 - 366,-,-,-,-,-,-,-,111 - 152,153 - 265,266 - 315,-,316 - 352,-,353 - 354,355 - 362,363 - 366,-,111 - 224,225 - 234,-,235 - 263,-,264 - 313,314 - 351,352 - 366,111 - 331,332 - 366,-,-,-,-,-,-,-,111 - 141,142 - 236,241 - 255,256 - 261,262 - 326,-,331 - 346,351 - 356,361 - 366,-,111 - 224,225 - 234,-,235 - 263,-,264 - 313,314 - 351,352 - 366,South Africa,WK Batter
81,Haider Ali,111 - 153,154 - 344,-,-,-,-,-,-,345 - 366,111 - 124,125 - 261,262 - 263,-,264 - 326,-,331 - 343,344 - 354,355 - 366,-,111 - 235,236 - 262,-,263 - 314,-,315 - 326,331 - 354,355 - 366,111 - 366,-,-,-,-,-,-,-,-,111 - 242,243 - 345,346 - 354,-,355 - 364,-,365 - 366,-,-,111 - 325,326 - 342,-,-,343 - 354,-,-,355 - 362,363 - 366,Pakistan,Batter
82,Haris Rauf,111 - 164,165 - 226,231 - 241,242 - 245,246 - 263,-,264 - 314,315 - 336,341 - 366,111 - 164,165 - 226,231 - 241,242 - 245,246 - 263,-,264 - 314,315 - 336,341 - 366,111 - 164,165 - 226,231 - 241,242 - 245,246 - 263,-,264 - 314,315 - 336,341 - 366,111 - 325,326 - 366,-,-,-,-,-,-,-,111 - 325,326 - 366,-,-,-,-,-,-,-,111 - 325,326 - 366,-,-,-,-,-,-,-,Pakistan,Bowler
83,Hasan Ali,111 - 215,-,-,-,-,-,-,216 - 312,313 - 366,111 - 215,-,-,-,-,-,-,216 - 312,313 - 366,111 - 164,-,-,-,165 - 245,-,246 - 325,-,326 - 366,111 - 215,-,-,-,-,-,-,216 - 312,313 - 366,111 - 215,-,-,-,-,-,-,216 - 312,313 - 366,111 - 164,-,-,-,165 - 245,-,246 - 325,-,326 - 366,Pakistan,Bowler
84,Hasan Mahmud,-,-,-,111 - 236,-,-,-,-,241 - 366,-,-,-,111 - 236,-,-,-,-,241 - 366,-,-,-,111 - 236,-,-,-,-,241 - 366,-,-,-,111 - 236,-,-,-,-,241 - 366,-,-,-,111 - 236,-,-,-,-,241 - 366,-,-,-,111 - 236,-,-,-,-,241 - 366,Bangladesh,Bowler
85,Hashmatullah Shahidi,111 - 162,163 - 256,261 - 312,-,313 - 341,-,-,342 - 366,-,111 - 234,235 - 344,345 - 353,-,354 - 362,-,-,363 - 366,-,111 - 234,235 - 344,345 - 353,-,354 - 362,-,-,363 - 366,-,111 - 162,163 - 256,261 - 312,-,313 - 341,-,-,342 - 366,-,111 - 225,226 - 331,-,-,332 - 343,-,-,344 - 354,355 - 366,111 - 225,226 - 331,-,-,332 - 343,-,-,344 - 354,355 - 366,Afghanistan,Batter
86,Hazratullah,111 - 212,213 - 253,254 - 254,255 - 255,256 - 323,-,324 - 325,326 - 354,355 - 366,111 - 131,132 - 253,254 - 263,-,264 - 351,-,-,352 - 363,364 - 366,111 - 164,165 - 244,-,-,-,-,245 - 325,326 - 366,-,111 - 251,252 - 325,326 - 332,-,333 - 351,-,352 - 355,356 - 361,362 - 366,111 - 223,224 - 326,331 - 332,-,333 - 341,-,342 - 354,355 - 361,362 - 366,111 - 164,165 - 244,-,-,-,-,245 - 325,326 - 366,-,Afghanistan,Batter
87,HC Brook,111 - 313,314 - 366,-,-,-,-,-,-,-,111 - 155,156 - 256,261 - 312,-,313 - 342,-,343 - 354,355 - 364,365 - 366,111 - 135,136 - 225,226 - 254,-,255 - 325,-,326 - 342,343 - 355,356 - 366,111 - 313,314 - 366,-,-,-,-,-,-,-,111 - 123,124 - 326,-,-,331 - 342,-,343 - 354,355 - 362,363 - 366,111 - 135,136 - 225,226 - 254,-,255 - 325,-,326 - 342,343 - 355,356 - 366,England,Batter
88,HE van der Dussen,111 - 251,252 - 334,335 - 345,-,346 - 356,-,-,361 - 364,365 - 366,111 - 221,222 - 325,326 - 326,-,331 - 342,343 - 343,344 - 352,353 - 364,365 - 366,111 - 156,161 - 246,251 - 261,-,262 - 326,-,331 - 355,356 - 366,-,111 - 221,222 - 366,-,-,-,-,-,-,-,111 - 143,144 - 334,335 - 341,342 - 342,343 - 352,-,353 - 353,354 - 356,361 - 366,-,-,-,-,111 - 366,-,-,-,-,South Africa,Batter
89,HH Pandya,111 - 233,234 - 252,-,-,253 - 331,-,-,332 - 366,-,111 - 222,223 - 323,324 - 334,-,335 - 346,-,351 - 353,354 - 356,361 - 366,111 - 135,136 - 232,233 - 246,-,251 - 323,-,324 - 343,344 - 361,362 - 366,-,111 - 366,-,-,-,-,-,-,-,111 - 135,136 - 315,316 - 331,-,332 - 346,-,351 - 356,361 - 366,-,111 - 214,215 - 335,-,-,-,-,336 - 366,-,-,India,Allrounder
90,HR Walsh,111 - 366,-,-,-,-,-,-,-,-,111 - 366,-,-,-,-,-,-,-,-,111 - 322,323 - 342,-,-,-,-,343 - 346,351 - 354,355 - 366,111 - 366,-,-,-,-,-,-,-,-,111 - 366,-,-,-,-,-,-,-,-,-,111 - 366,-,-,-,-,-,-,-,West Indies,Bowler
91,HT Tector,111 - 151,152 - 322,323 - 326,-,331 - 346,-,-,351 - 354,355 - 366,111 - 153,154 - 254,255 - 312,-,313 - 334,-,335 - 344,345 - 356,361 - 366,-,111 - 166,211 - 246,-,251 - 316,-,321 - 326,331 - 346,351 - 366,-,111 - 262,-,-,263 - 366,-,-,-,-,111 - 114,115 - 311,312 - 331,-,332 - 345,-,-,346 - 361,362 - 366,-,111 - 166,211 - 246,-,251 - 316,-,321 - 326,331 - 346,351 - 366,Ireland,Batter
92,HV Patel,111 - 142,143 - 244,-,-,245 - 265,-,266 - 325,326 - 345,346 - 366,111 - 142,143 - 244,-,-,245 - 265,-,266 - 325,326 - 345,346 - 366,111 - 211,212 - 263,264 - 311,-,312 - 326,-,331 - 334,335 - 351,352 - 366,111 - 315,316 - 333,-,-,334 - 366,-,-,-,-,111 - 315,316 - 333,-,-,334 - 366,-,-,-,-,-,-,-,-,111 - 366,-,-,-,-,India,Bowler
93,I Kaia,111 - 145,146 - 263,-,-,264 - 321,-,322 - 325,326 - 362,363 - 366,111 - 261,262 - 361,362 - 366,-,-,-,-,-,-,111 - 164,165 - 346,-,-,-,-,-,-,351 - 366,111 - 145,146 - 263,-,-,264 - 321,-,322 - 325,326 - 362,363 - 366,111 - 253,254 - 341,342 - 352,-,-,-,353 - 355,356 - 366,-,-,111 - 166,211 - 266,-,311 - 366,-,-,-,-,Zimbabwe,Batter
94,Ibrahim Zadran,111 - 223,224 - 333,-,-,334 - 356,-,-,361 - 363,364 - 366,111 - 165,166 - 321,322 - 333,-,334 - 354,-,355 - 361,362 - 365,366 - 366,111 - 145,146 - 233,234 - 252,-,253 - 322,-,323 - 333,334 - 351,352 - 366,111 - 125,126 - 314,-,-,-,-,-,-,315 - 366,111 - 222,223 - 351,352 - 356,-,361 - 364,-,365 - 365,366 - 366,-,111 - 146,151 - 311,312 - 343,-,-,-,344 - 361,362 - 366,-,Afghanistan,Batter
95,Iftikhar Ahmed,111 - 212,213 - 315,316 - 323,324 - 332,333 - 366,-,-,-,-,111 - 121,122 - 265,266 - 322,-,323 - 332,-,-,333 - 342,343 - 366,111 - 125,126 - 262,263 - 266,-,311 - 314,-,315 - 346,-,351 - 366,111 - 255,256 - 366,-,-,-,-,-,-,-,111 - 211,212 - 335,336 - 343,-,344 - 354,-,355 - 363,364 - 365,366 - 366,-,-,-,-,-,-,111 - 236,-,241 - 366,Pakistan,Allrounder
96,Ihsanullah,111 - 233,234 - 312,313 - 331,-,332 - 366,-,-,-,-,-,-,-,-,-,-,-,-,111 - 366,-,-,-,-,-,-,-,-,111 - 366,111 - 255,-,-,-,256 - 366,-,-,-,-,-,-,-,-,-,-,-,-,111 - 366,-,-,-,-,-,-,-,-,111 - 366,Afghanistan,Batter
97,Imad Wasim,111 - 164,165 - 253,254 - 316,-,321 - 343,-,-,-,344 - 366,111 - 164,165 - 253,254 - 316,-,321 - 343,-,-,-,344 - 366,111 - 164,165 - 253,254 - 316,-,321 - 343,-,-,-,344 - 366,111 - 215,216 - 341,-,-,-,-,-,342 - 366,-,111 - 215,216 - 341,-,-,-,-,-,342 - 366,-,111 - 215,216 - 341,-,-,-,-,-,342 - 366,-,Pakistan,Allrounder
98,IS Sodhi,111 - 346,351 - 354,-,-,355 - 366,-,-,-,-,111 - 346,351 - 354,-,-,355 - 366,-,-,-,-,-,111 - 224,225 - 252,-,253 - 315,-,-,-,316 - 366,111 - 366,-,-,-,-,-,-,-,-,111 - 366,-,-,-,-,-,-,-,-,-,111 - 224,225 - 252,-,253 - 315,-,-,-,316 - 366,New Zealand,Bowler
99,Ishan Kishan,111 - 236,241 - 312,313 - 322,-,323 - 345,-,346 - 352,353 - 363,364 - 366,111 - 155,156 - 261,262 - 314,-,315 - 344,-,345 - 353,354 - 355,356 - 366,-,111 - 166,-,-,-,-,-,211 - 266,311 - 366,111 - 211,212 - 244,245 - 252,-,253 - 325,-,326 - 341,342 - 362,363 - 366,111 - 151,152 - 311,312 - 324,-,325 - 345,-,346 - 355,356 - 361,362 - 366,-,111 - 166,-,-,-,-,-,211 - 266,311 - 366,India,WK Batter
100,J Charles,-,-,-,111 - 166,-,-,-,211 - 266,311 - 366,-,-,-,111 - 166,-,-,-,211 - 266,311 - 366,-,-,-,111 - 166,-,-,-,211 - 266,311 - 366,-,-,-,111 - 166,-,-,-,211 - 266,311 - 366,-,-,-,111 - 166,-,-,-,211 - 266,311 - 366,-,-,-,111 - 166,-,-,-,211 - 266,311 - 366,West Indies,WK Batter
101,J Little,111 - 366,-,-,-,-,-,-,-,-,111 - 366,-,-,-,-,-,-,-,-,111 - 213,214 - 336,-,-,341 - 353,-,-,-,354 - 366,111 - 366,-,-,-,-,-,-,-,-,111 - 366,-,-,-,-,-,-,-,-,-,111 - 166,-,-,211 - 266,-,-,311 - 366,-,Ireland,Bowler
102,J Liyanage,111 - 321,322 - 363,364 - 366,-,-,-,-,-,-,-,111 - 236,241 - 261,-,-,-,-,262 - 344,345 - 366,-,111 - 236,241 - 261,-,-,-,-,262 - 344,345 - 366,111 - 321,322 - 363,364 - 366,-,-,-,-,-,-,111 - 215,216 - 323,324 - 334,335 - 345,-,-,-,-,346 - 366,111 - 215,216 - 323,324 - 334,335 - 345,-,-,-,-,346 - 366,Sri Lanka,Batter
103,JA Richardson,111 - 222,223 - 366,-,-,-,-,-,-,-,111 - 222,223 - 366,-,-,-,-,-,-,-,111 - 366,-,-,-,-,-,-,-,-,111 - 315,316 - 366,-,-,-,-,-,-,-,111 - 315,316 - 366,-,-,-,-,-,-,-,111 - 366,-,-,-,-,-,-,-,-,Australia,Bowler
104,JC Buttler,111 - 134,135 - 224,225 - 241,242 - 245,246 - 326,-,331 - 341,342 - 355,356 - 366,111 - 133,134 - 224,225 - 254,255 - 256,261 - 321,-,322 - 345,346 - 361,362 - 366,111 - 152,153 - 215,216 - 253,-,254 - 316,-,321 - 354,355 - 366,-,111 - 162,163 - 266,311 - 315,-,316 - 331,-,332 - 343,344 - 354,355 - 366,111 - 161,162 - 333,334 - 343,-,344 - 353,-,354 - 363,-,364 - 366,111 - 325,326 - 366,-,-,-,-,-,-,-,England,WK Batter
105,JDF Vandersay,111 - 234,235 - 322,-,-,323 - 366,-,-,-,-,111 - 234,235 - 322,-,-,323 - 366,-,-,-,-,111 - 234,235 - 322,-,-,323 - 366,-,-,-,-,111 - 234,235 - 322,-,-,323 - 366,-,-,-,-,111 - 234,235 - 322,-,-,323 - 366,-,-,-,-,111 - 234,235 - 322,-,-,323 - 366,-,-,-,-,Sri Lanka,Bowler
106,JDS Neesham,111 - 125,126 - 235,236 - 254,-,255 - 313,-,314 - 332,-,333 - 366,111 - 125,126 - 235,236 - 254,-,255 - 313,-,314 - 332,-,333 - 366,111 - 135,136 - 234,235 - 253,-,254 - 312,-,313 - 331,332 - 363,364 - 366,111 - 215,216 - 263,264 - 316,-,321 - 334,-,-,335 - 352,353 - 366,111 - 215,216 - 263,264 - 316,-,321 - 334,-,-,335 - 352,353 - 366,111 - 155,156 - 242,-,-,-,-,243 - 324,-,325 - 366,New Zealand,Allrounder
107,JJ Roy,111 - 244,245 - 325,326 - 334,-,335 - 345,346 - 346,351 - 353,354 - 363,364 - 366,111 - 133,134 - 242,-,-,243 - 256,-,261 - 312,313 - 342,343 - 366,111 - 133,134 - 242,-,-,243 - 256,-,261 - 312,313 - 342,343 - 366,111 - 165,166 - 325,-,-,326 - 352,-,353 - 362,-,363 - 366,111 - 134,135 - 264,265 - 313,-,314 - 336,-,341 - 354,355 - 361,362 - 366,111 - 134,135 - 264,265 - 313,-,314 - 336,-,341 - 354,355 - 361,362 - 366,England,Batter
108,JM Bairstow,111 - 323,324 - 342,343 - 351,-,352 - 366,-,-,-,-,111 - 142,143 - 263,264 - 312,-,313 - 334,-,-,335 - 356,361 - 366,111 - 123,124 - 162,-,-,163 - 225,-,226 - 264,265 - 354,355 - 366,-,-,-,-,-,-,-,-,111 - 366,111 - 135,136 - 314,315 - 331,-,332 - 334,-,335 - 354,355 - 363,364 - 366,111 - 325,-,-,-,326 - 346,-,-,-,351 - 366,England,WK Batter
109,JM Vince,111 - 246,251 - 256,261 - 314,-,315 - 353,-,354 - 363,-,364 - 366,111 - 161,162 - 333,334 - 343,-,344 - 356,-,361 - 366,-,-,111 - 161,162 - 333,334 - 343,-,344 - 356,-,361 - 366,-,-,-,-,111 - 366,-,-,-,-,-,-,111 - 211,212 - 236,241 - 255,-,256 - 323,-,324 - 332,-,333 - 366,111 - 211,212 - 236,241 - 255,-,256 - 323,-,324 - 332,-,333 - 366,England,Batter
110,JO Holder,111 - 366,-,-,-,-,-,-,-,-,111 - 154,155 - 253,-,-,254 - 264,-,265 - 326,331 - 341,342 - 366,-,111 - 266,-,-,311 - 323,-,324 - 353,-,354 - 366,111 - 255,-,-,-,-,-,-,-,256 - 366,111 - 226,231 - 331,332 - 334,-,335 - 343,-,344 - 354,355 - 362,363 - 366,-,111 - 266,-,-,311 - 323,-,324 - 353,-,354 - 366,West Indies,Allrounder
111,JP Inglis,111 - 216,221 - 254,255 - 332,-,333 - 366,-,-,-,-,111 - 162,163 - 312,313 - 332,-,333 - 352,-,-,353 - 363,364 - 366,-,111 - 166,-,-,-,-,211 - 266,-,311 - 366,111 - 342,343 - 366,-,-,-,-,-,-,-,-,111 - 236,241 - 266,-,311 - 346,-,351 - 353,-,354 - 366,-,111 - 166,-,-,-,-,211 - 266,-,311 - 366,Australia,WK Batter
112,JR Hazlewood,111 - 334,-,335 - 366,-,-,-,-,-,-,111 - 334,-,335 - 366,-,-,-,-,-,-,111 - 334,-,335 - 366,-,-,-,-,-,-,111 - 334,-,335 - 366,-,-,-,-,-,-,111 - 334,-,335 - 366,-,-,-,-,-,-,111 - 334,-,335 - 366,-,-,-,-,-,-,Australia,Bowler
113,K Mishara,111 - 264,265 - 313,314 - 332,-,333 - 351,-,-,-,352 - 366,111 - 222,223 - 314,-,-,-,-,-,-,315 - 366,111 - 222,223 - 314,-,-,-,-,-,-,315 - 366,111 - 264,265 - 313,314 - 332,-,333 - 351,-,-,-,352 - 366,111 - 366,-,-,-,-,-,-,-,-,111 - 366,-,-,-,-,-,-,-,-,Sri Lanka,Batter
114,K Rabada,111 - 365,-,366 - 366,-,-,-,-,-,-,111 - 365,-,366 - 366,-,-,-,-,-,-,111 - 232,233 - 316,321 - 331,-,332 - 336,-,341 - 345,346 - 361,362 - 366,111 - 242,243 - 341,-,-,-,-,-,342 - 366,-,111 - 242,243 - 341,-,-,-,-,-,342 - 366,-,111 - 252,253 - 343,-,-,-,-,-,344 - 366,-,South Africa,Bowler
115,KA Maharaj,111 - 266,311 - 325,-,-,326 - 334,-,335 - 343,344 - 352,353 - 366,111 - 266,311 - 325,-,-,326 - 334,-,335 - 343,344 - 352,353 - 366,111 - 135,136 - 255,256 - 264,-,265 - 326,-,331 - 344,345 - 352,353 - 366,111 - 366,-,-,-,-,-,-,-,-,111 - 366,-,-,-,-,-,-,-,-,-,111 - 366,-,-,-,-,-,-,-,South Africa,Bowler
116,KA Pollard,111 - 232,233 - 326,331 - 344,-,345 - 346,-,-,351 - 364,365 - 366,111 - 232,233 - 326,331 - 344,-,345 - 346,-,-,351 - 364,365 - 366,111 - 114,115 - 236,241 - 263,-,264 - 334,-,335 - 346,351 - 363,364 - 366,111 - 222,223 - 325,-,-,326 - 331,-,332 - 333,334 - 356,361 - 366,111 - 222,223 - 325,-,-,326 - 331,-,332 - 333,334 - 356,361 - 366,111 - 225,226 - 316,-,-,321 - 366,-,-,-,-,West Indies,Allrounder
117,Karim Janat,111 - 323,324 - 351,-,-,-,-,352 - 361,-,362 - 366,111 - 233,234 - 326,-,-,331 - 342,-,343 - 354,355 - 366,-,-,111 - 232,233 - 313,-,314 - 342,-,343 - 354,-,355 - 366,111 - 125,126 - 222,-,-,223 - 314,-,-,-,315 - 366,111 - 221,222 - 336,341 - 352,-,353 - 356,-,-,-,361 - 366,111 - 366,-,-,-,-,-,-,-,-,Afghanistan,Bowler
118,KD Karthik,111 - 235,236 - 265,-,-,266 - 353,-,-,354 - 366,-,111 - 233,234 - 322,323 - 326,-,331 - 344,-,345 - 352,353 - 366,-,111 - 134,135 - 242,243 - 252,-,253 - 316,-,321 - 333,334 - 352,353 - 366,111 - 235,236 - 265,-,-,266 - 353,-,-,354 - 366,-,111 - 231,232 - 325,326 - 334,-,335 - 343,-,344 - 361,-,362 - 366,111 - 125,126 - 232,-,-,233 - 366,-,-,-,-,India,WK Batter
119,Khushdil Shah,111 - 244,245 - 343,-,-,344 - 353,-,354 - 355,356 - 364,365 - 366,111 - 244,245 - 343,-,-,344 - 353,-,354 - 355,356 - 364,365 - 366,111 - 122,123 - 265,-,-,266 - 324,-,-,325 - 343,344 - 366,111 - 154,155 - 323,324 - 334,-,335 - 342,-,343 - 352,353 - 356,361 - 366,111 - 154,155 - 323,324 - 334,-,335 - 342,-,343 - 352,353 - 356,361 - 366,111 - 116,121 - 243,244 - 312,-,-,-,-,313 - 341,342 - 366,Pakistan,Allrounder
120,KIC Asalanka,111 - 312,313 - 335,336 - 336,-,341 - 353,-,354 - 356,361 - 362,363 - 366,111 - 145,146 - 261,262 - 314,-,315 - 341,-,342 - 344,345 - 362,363 - 366,111 - 135,136 - 255,256 - 264,-,265 - 326,-,331 - 335,336 - 361,362 - 366,111 - 213,214 - 256,261 - 312,-,313 - 335,-,336 - 354,355 - 362,363 - 366,111 - 136,141 - 326,331 - 332,333 - 333,334 - 345,-,346 - 353,354 - 355,356 - 366,111 - 112,113 - 226,231 - 316,-,321 - 343,-,344 - 366,-,-,Sri Lanka,Batter
121,KJ O'Brien,-,111 - 153,-,-,154 - 236,-,-,241 - 323,324 - 366,-,111 - 153,-,-,154 - 236,-,-,241 - 323,324 - 366,-,111 - 153,-,-,154 - 236,-,-,241 - 323,324 - 366,-,111 - 153,-,-,154 - 236,-,-,241 - 323,324 - 366,-,111 - 153,-,-,154 - 236,-,-,241 - 323,324 - 366,-,111 - 153,-,-,154 - 236,-,-,241 - 323,324 - 366,Ireland,Allrounder
122,KL Rahul,111 - 231,232 - 313,314 - 324,-,325 - 345,-,346 - 353,354 - 364,365 - 366,111 - 152,153 - 312,313 - 313,-,314 - 333,-,334 - 353,354 - 361,362 - 366,-,111 - 236,-,-,-,-,-,-,241 - 366,111 - 211,212 - 322,323 - 325,-,326 - 353,-,354 - 356,-,361 - 366,-,111 - 324,325 - 341,-,342 - 351,-,352 - 361,362 - 362,363 - 366,-,111 - 236,-,-,-,-,241 - 366,-,-,India,Batter
123,KMA Paul,111 - 322,323 - 366,-,-,-,-,-,-,-,111 - 322,323 - 366,-,-,-,-,-,-,-,111 - 216,221 - 366,-,-,-,-,-,-,-,111 - 333,334 - 345,-,-,-,-,-,346 - 362,363 - 366,111 - 333,334 - 345,-,-,-,-,-,346 - 362,363 - 366,-,111 - 255,-,-,256 - 366,-,-,-,-,West Indies,Allrounder
124,KR Mayers,111 - 222,223 - 253,254 - 263,-,264 - 335,-,336 - 346,351 - 364,365 - 366,111 - 154,155 - 251,-,-,252 - 325,-,326 - 334,335 - 356,361 - 366,-,-,-,-,-,-,111 - 236,-,241 - 366,111 - 255,256 - 332,-,333 - 335,336 - 344,-,345 - 355,356 - 361,362 - 366,111 - 235,236 - 331,332 - 333,-,334 - 341,-,342 - 345,346 - 353,354 - 366,-,-,-,-,-,-,111 - 236,-,241 - 366,West Indies,Allrounder
125,KS Williamson,111 - 263,264 - 341,-,342 - 345,346 - 353,-,-,-,354 - 366,111 - 155,156 - 262,263 - 313,-,314 - 346,-,351 - 354,355 - 364,365 - 366,111 - 145,146 - 256,261 - 322,-,323 - 333,-,-,334 - 344,345 - 366,111 - 322,323 - 366,-,-,-,-,-,-,-,111 - 222,223 - 335,336 - 345,346 - 351,352 - 355,-,356 - 362,363 - 366,-,-,111 - 366,-,-,-,-,-,-,-,New Zealand,Batter
126,L Ngidi,111 - 356,361 - 363,364 - 366,-,-,-,-,-,-,111 - 356,361 - 363,364 - 366,-,-,-,-,-,-,-,111 - 236,-,-,-,-,-,241 - 366,-,111 - 315,316 - 366,-,-,-,-,-,-,-,111 - 315,316 - 366,-,-,-,-,-,-,-,111 - 366,-,-,-,-,-,-,-,-,South Africa,Bowler
127,L Tucker,111 - 144,145 - 246,-,-,251 - 312,-,313 - 326,331 - 352,353 - 366,111 - 211,212 - 254,255 - 256,261 - 262,263 - 324,-,325 - 342,343 - 362,363 - 366,-,111 - 236,241 - 266,-,311 - 336,-,-,-,341 - 366,-,111 - 331,332 - 342,-,-,-,343 - 354,355 - 366,-,111 - 156,161 - 316,321 - 325,-,326 - 351,-,352 - 352,353 - 356,361 - 366,-,-,111 - 221,-,222 - 254,-,255 - 332,-,333 - 366,Ireland,WK Batter
128,LA Dawson,111 - 252,253 - 334,335 - 355,-,-,-,-,356 - 366,-,111 - 252,253 - 334,335 - 355,-,-,-,-,356 - 366,-,111 - 125,126 - 153,-,-,154 - 262,-,263 - 314,315 - 342,343 - 366,111 - 366,-,-,-,-,-,-,-,-,111 - 366,-,-,-,-,-,-,-,-,111 - 125,126 - 153,-,-,154 - 262,-,263 - 314,315 - 342,343 - 366,England,Allrounder
129,LD Chandimal,111 - 313,314 - 342,-,-,343 - 354,-,-,-,355 - 366,111 - 216,221 - 333,334 - 342,-,343 - 353,-,354 - 355,356 - 361,362 - 366,111 - 125,126 - 222,223 - 234,-,235 - 314,-,315 - 326,331 - 342,343 - 366,111 - 155,156 - 366,-,-,-,-,-,-,-,111 - 224,225 - 341,342 - 345,-,346 - 352,-,353 - 354,355 - 363,364 - 366,-,111 - 366,-,-,-,-,-,-,-,Sri Lanka,WK Batter
130,LH Ferguson,111 - 366,-,-,-,-,-,-,-,-,111 - 366,-,-,-,-,-,-,-,-,111 - 134,135 - 164,-,-,-,-,165 - 265,266 - 336,341 - 366,111 - 366,-,-,-,-,-,-,-,-,111 - 366,-,-,-,-,-,-,-,-,111 - 134,135 - 164,-,-,-,-,165 - 265,266 - 336,341 - 366,New Zealand,Bowler
131,Liton Das,111 - 146,151 - 251,252 - 263,264 - 264,265 - 336,-,341 - 344,345 - 361,362 - 366,111 - 164,165 - 324,325 - 331,-,332 - 336,-,341 - 343,344 - 363,364 - 366,111 - 152,153 - 242,243 - 265,-,266 - 332,-,-,333 - 343,344 - 366,111 - 164,165 - 316,321 - 333,-,334 - 356,-,-,361 - 363,364 - 366,111 - 142,143 - 311,312 - 331,-,332 - 351,-,352 - 354,355 - 356,361 - 366,111 - 152,153 - 242,243 - 265,-,266 - 332,-,-,333 - 343,344 - 366,Bangladesh,WK Batter
132,LM Jongwe,111 - 252,253 - 313,-,-,314 - 366,-,-,-,-,111 - 252,253 - 313,-,-,314 - 366,-,-,-,-,111 - 145,146 - 245,246 - 311,-,-,-,312 - 333,334 - 355,356 - 366,111 - 315,316 - 356,-,-,-,-,-,-,361 - 366,111 - 315,316 - 356,-,-,-,-,-,-,361 - 366,111 - 136,141 - 214,215 - 253,-,-,-,254 - 332,-,333 - 366,Zimbabwe,Bowler
133,LMP Simmons,111 - 313,314 - 366,-,-,-,-,-,-,-,111 - 342,343 - 354,-,-,-,-,-,355 - 362,363 - 366,111 - 342,343 - 354,-,-,-,-,-,355 - 362,363 - 366,111 - 315,316 - 354,-,-,-,-,-,-,355 - 366,111 - 215,216 - 366,-,-,-,-,-,-,-,111 - 215,216 - 366,-,-,-,-,-,-,-,West Indies,Batter
134,LS Livingstone,111 - 153,154 - 211,212 - 226,-,231 - 316,-,-,321 - 334,335 - 366,111 - 143,144 - 253,254 - 266,-,311 - 323,-,324 - 352,353 - 362,363 - 366,-,111 - 214,215 - 234,-,235 - 254,-,255 - 266,311 - 342,343 - 366,111 - 153,154 - 211,212 - 226,-,231 - 316,-,-,321 - 334,335 - 366,111 - 166,211 - 334,-,-,-,-,-,335 - 346,351 - 366,111 - 225,226 - 315,-,-,-,-,-,316 - 366,-,England,Allrounder
135,M Jansen,111 - 366,-,-,-,-,-,-,-,-,111 - 366,-,-,-,-,-,-,-,-,111 - 366,-,-,-,-,-,-,-,-,111 - 365,-,-,-,-,-,-,366 - 366,-,111 - 365,-,-,-,-,-,-,366 - 366,-,111 - 365,-,-,-,-,-,-,366 - 366,-,South Africa,Bowler
136,M Labuschagne,-,111 - 366,-,-,-,-,-,-,-,-,111 - 366,-,-,-,-,-,-,-,-,111 - 366,-,-,-,-,-,-,-,111 - 145,146 - 233,-,-,-,-,-,234 - 322,323 - 366,111 - 145,146 - 233,-,-,-,-,-,234 - 322,323 - 366,111 - 145,146 - 233,-,-,-,-,-,234 - 322,323 - 366,Australia,Allrounder
137,M Pathirana,111 - 345,346 - 361,362 - 363,-,-,-,-,-,364 - 366,111 - 345,346 - 361,362 - 363,-,-,-,-,-,364 - 366,111 - 345,346 - 361,362 - 363,-,-,-,-,-,364 - 366,111 - 345,346 - 361,362 - 363,-,-,-,-,-,364 - 366,111 - 345,346 - 361,362 - 363,-,-,-,-,-,364 - 366,111 - 345,346 - 361,362 - 363,-,-,-,-,-,364 - 366,Sri Lanka,Bowler
138,M Shumba,111 - 366,-,-,-,-,-,-,-,-,111 - 366,-,-,-,-,-,-,-,-,111 - 366,-,-,-,-,-,-,-,-,111 - 366,-,-,-,-,-,-,-,-,111 - 315,316 - 346,351 - 354,-,-,-,-,-,355 - 366,111 - 315,316 - 346,351 - 354,-,-,-,-,-,355 - 366,Zimbabwe,Batter
139,M Theekshana,111 - 152,153 - 242,243 - 265,-,266 - 321,-,322 - 332,333 - 343,344 - 366,111 - 152,153 - 242,243 - 265,-,266 - 321,-,322 - 332,333 - 343,344 - 366,111 - 152,153 - 242,243 - 265,-,266 - 321,-,322 - 332,333 - 343,344 - 366,-,-,111 - 166,-,-,-,-,211 - 266,311 - 366,-,-,111 - 166,-,-,-,-,211 - 266,311 - 366,-,-,111 - 166,-,-,-,-,211 - 266,311 - 366,Sri Lanka,Bowler
140,MA Starc,111 - 131,132 - 156,161 - 254,-,255 - 311,-,312 - 324,325 - 341,342 - 366,111 - 131,132 - 156,161 - 254,-,255 - 311,-,312 - 324,325 - 341,342 - 366,111 - 131,132 - 156,161 - 254,-,255 - 311,-,312 - 324,325 - 341,342 - 366,111 - 131,132 - 156,161 - 254,-,255 - 311,-,312 - 324,325 - 341,342 - 366,111 - 131,132 - 156,161 - 254,-,255 - 311,-,312 - 324,325 - 341,342 - 366,111 - 131,132 - 156,161 - 254,-,255 - 311,-,312 - 324,325 - 341,342 - 366,Australia,Bowler
141,MA Wood,-,111 - 366,-,-,-,-,-,-,-,-,111 - 366,-,-,-,-,-,-,-,-,111 - 366,-,-,-,-,-,-,-,-,111 - 366,-,-,-,-,-,-,-,-,111 - 366,-,-,-,-,-,-,-,-,111 - 366,-,-,-,-,-,-,-,England,Bowler
142,Mahedi Hasan,111 - 342,343 - 356,-,-,361 - 361,-,-,362 - 365,366 - 366,111 - 342,343 - 356,-,-,361 - 361,-,-,362 - 365,366 - 366,111 - 136,141 - 246,251 - 262,-,263 - 321,-,322 - 331,332 - 341,342 - 366,111 - 145,146 - 263,264 - 322,-,323 - 351,-,-,-,352 - 366,111 - 145,146 - 263,264 - 322,-,323 - 351,-,-,-,352 - 366,111 - 225,226 - 334,-,-,335 - 352,-,353 - 366,-,-,Bangladesh,Bowler
143,Mahmudullah,111 - 226,231 - 242,-,-,243 - 316,-,321 - 331,332 - 354,355 - 366,111 - 165,166 - 316,321 - 334,-,335 - 336,-,-,341 - 355,356 - 366,111 - 153,154 - 244,245 - 315,-,316 - 334,-,335 - 341,342 - 363,364 - 366,111 - 255,256 - 366,-,-,-,-,-,-,-,111 - 164,165 - 322,323 - 336,-,341 - 351,-,352 - 354,355 - 362,363 - 366,111 - 125,126 - 232,-,-,233 - 263,-,-,-,264 - 366,Bangladesh,Allrounder
144,MD Gunathilaka,111 - 216,221 - 264,265 - 315,-,316 - 333,-,334 - 341,342 - 353,354 - 366,111 - 152,153 - 236,-,-,241 - 323,-,-,324 - 336,341 - 366,-,111 - 166,-,-,211 - 266,-,-,-,311 - 366,111 - 233,234 - 314,-,315 - 324,325 - 345,-,-,-,346 - 366,111 - 141,142 - 243,244 - 263,-,264 - 323,-,324 - 343,344 - 353,354 - 366,-,111 - 166,-,-,211 - 266,-,-,-,311 - 366,Sri Lanka,Batter
145,MD Shanaka,111 - 253,254 - 332,-,-,-,-,-,-,333 - 366,111 - 241,242 - 331,332 - 334,-,335 - 351,-,352 - 355,356 - 365,366 - 366,111 - 131,132 - 221,222 - 236,-,241 - 314,-,315 - 335,336 - 356,361 - 366,111 - 253,254 - 332,-,-,-,-,-,-,333 - 366,111 - 215,216 - 343,344 - 351,-,352 - 353,-,354 - 356,361 - 363,364 - 366,-,111 - 264,265 - 315,-,316 - 346,-,-,351 - 356,361 - 366,Sri Lanka,Allrounder
146,MDKJ Perera,111 - 156,161 - 241,242 - 314,315 - 322,323 - 342,-,343 - 346,351 - 362,363 - 366,111 - 115,116 - 221,222 - 234,-,235 - 322,-,323 - 335,-,336 - 366,111 - 115,116 - 221,222 - 234,-,235 - 322,-,323 - 335,-,336 - 366,111 - 231,232 - 316,321 - 334,-,335 - 343,-,-,-,344 - 366,111 - 161,162 - 343,-,-,-,-,-,-,344 - 366,111 - 161,162 - 343,-,-,-,-,-,-,344 - 366,Sri Lanka,WK Batter
147,Mehedi Hasan Miraz,111 - 144,145 - 215,216 - 232,233 - 263,264 - 321,-,322 - 335,336 - 366,-,111 - 245,246 - 313,314 - 342,-,343 - 366,-,-,-,-,111 - 245,246 - 313,314 - 342,-,343 - 366,-,-,-,-,-,111 - 254,255 - 332,-,-,-,333 - 366,-,-,-,-,-,-,-,-,-,111 - 236,241 - 366,-,-,-,-,-,-,-,111 - 236,241 - 366,Bangladesh,Allrounder
148,MG Bracewell,111 - 222,223 - 366,-,-,-,-,-,-,-,111 - 222,223 - 366,-,-,-,-,-,-,-,-,111 - 141,142 - 155,156 - 213,214 - 245,-,246 - 263,264 - 352,353 - 366,-,111 - 255,256 - 332,-,-,-,-,333 - 366,-,-,111 - 255,256 - 332,-,-,-,-,333 - 366,-,-,111 - 141,142 - 155,156 - 213,214 - 245,-,246 - 263,264 - 352,353 - 366,New Zealand,Allrounder
149,MJ Guptill,111 - 211,212 - 265,266 - 313,314 - 314,315 - 345,-,346 - 354,355 - 362,363 - 366,111 - 141,142 - 263,264 - 324,-,325 - 342,-,343 - 353,354 - 355,356 - 366,-,111 - 166,-,-,-,-,211 - 266,311 - 336,341 - 366,111 - 212,213 - 316,321 - 334,-,335 - 352,-,353 - 361,362 - 364,365 - 366,111 - 152,153 - 326,331 - 332,-,333 - 344,-,345 - 346,351 - 354,355 - 366,-,111 - 166,-,-,-,-,211 - 266,311 - 336,341 - 366,New Zealand,Batter
150,MJ Santner,111 - 135,136 - 336,-,-,341 - 366,-,-,-,-,111 - 322,323 - 353,-,-,-,-,-,-,354 - 366,111 - 151,152 - 242,243 - 332,-,333 - 336,-,-,341 - 353,354 - 366,-,-,-,-,111 - 366,-,-,-,-,-,-,-,-,-,-,-,-,111 - 366,111 - 151,152 - 242,243 - 332,-,333 - 336,-,-,341 - 353,354 - 366,New Zealand,Bowler
151,MM Ali,111 - 123,124 - 216,-,-,-,-,-,221 - 313,314 - 366,111 - 153,154 - 263,264 - 315,316 - 316,321 - 335,-,336 - 342,343 - 362,363 - 366,111 - 153,154 - 241,242 - 252,-,253 - 263,-,264 - 343,344 - 363,364 - 366,111 - 115,116 - 231,232 - 316,-,-,-,-,321 - 366,-,111 - 132,133 - 263,264 - 313,-,314 - 334,-,335 - 346,351 - 362,363 - 366,111 - 242,243 - 315,316 - 334,-,-,-,335 - 352,-,353 - 366,England,Allrounder
152,Mohammad Hafeez,-,111 - 166,211 - 266,-,-,-,311 - 366,-,-,-,111 - 166,211 - 266,-,-,-,311 - 366,-,-,-,111 - 366,-,-,-,-,-,-,-,111 - 141,142 - 266,311 - 323,-,324 - 336,-,-,-,341 - 366,111 - 141,142 - 266,311 - 323,-,324 - 336,-,-,-,341 - 366,-,111 - 366,-,-,-,-,-,-,-,Pakistan,Allrounder
153,Mohammad Haris,111 - 336,341 - 346,-,-,-,-,351 - 356,-,361 - 366,111 - 336,341 - 346,-,-,-,-,351 - 356,-,361 - 366,111 - 336,341 - 346,-,-,-,-,351 - 356,-,361 - 366,111 - 336,341 - 346,-,-,-,-,351 - 356,-,361 - 366,111 - 336,341 - 346,-,-,-,-,351 - 356,-,361 - 366,111 - 336,341 - 346,-,-,-,-,351 - 356,-,361 - 366,Pakistan,WK Batter
154,Mohammad Hasnain,111 - 224,225 - 322,323 - 344,-,345 - 355,-,356 - 366,-,-,111 - 224,225 - 322,323 - 344,-,345 - 355,-,356 - 366,-,-,111 - 224,225 - 322,323 - 344,-,345 - 355,-,356 - 366,-,-,111 - 224,225 - 322,323 - 344,-,345 - 355,-,356 - 366,-,-,111 - 224,225 - 322,323 - 344,-,345 - 355,-,356 - 366,-,-,111 - 224,225 - 322,323 - 344,-,345 - 355,-,356 - 366,-,-,Pakistan,Bowler
155,Mohammad Nabi,111 - 253,-,-,254 - 312,313 - 351,-,-,-,352 - 366,111 - 225,226 - 326,331 - 335,-,336 - 352,-,-,353 - 356,361 - 366,111 - 132,133 - 233,234 - 246,-,251 - 316,-,321 - 331,332 - 355,356 - 366,111 - 366,-,-,-,-,-,-,-,-,111 - 221,222 - 341,342 - 355,-,356 - 356,-,361 - 361,362 - 362,363 - 366,-,111 - 323,-,-,-,-,-,-,324 - 366,Afghanistan,Allrounder
156,Mohammad Naim,111 - 242,243 - 331,332 - 335,336 - 336,341 - 354,-,-,355 - 362,363 - 366,111 - 163,164 - 324,325 - 333,-,334 - 354,-,-,355 - 361,362 - 366,111 - 125,126 - 246,251 - 314,-,-,-,-,-,315 - 366,111 - 164,165 - 344,-,-,345 - 353,-,-,-,354 - 366,111 - 215,216 - 326,331 - 341,-,342 - 346,-,351 - 355,356 - 364,365 - 366,111 - 125,126 - 246,251 - 314,-,-,-,-,-,315 - 366,Bangladesh,Batter
157,Mohammad Nawaz (3),111 - 224,225 - 314,315 - 321,-,322 - 345,-,346 - 352,353 - 354,355 - 366,111 - 224,225 - 314,315 - 321,-,322 - 345,-,346 - 352,353 - 354,355 - 366,111 - 135,136 - 226,231 - 245,-,246 - 266,-,311 - 331,332 - 345,346 - 366,111 - 235,236 - 324,325 - 343,-,344 - 356,-,361 - 363,-,364 - 366,111 - 235,236 - 324,325 - 343,-,344 - 356,-,361 - 363,-,364 - 366,111 - 225,226 - 262,-,-,263 - 316,-,321 - 334,335 - 352,353 - 366,Pakistan,Allrounder
158,Mohammad Rizwan,111 - 214,215 - 312,313 - 321,-,322 - 343,-,344 - 346,351 - 364,365 - 366,111 - 113,114 - 261,262 - 325,-,326 - 351,-,352 - 354,355 - 363,364 - 366,111 - 113,114 - 226,231 - 251,-,252 - 312,-,313 - 322,323 - 351,352 - 366,111 - 215,216 - 331,332 - 335,336 - 336,341 - 353,-,354 - 356,361 - 363,364 - 366,111 - 131,132 - 321,322 - 335,-,336 - 351,-,352 - 356,361 - 364,365 - 366,-,-,-,-,-,-,-,-,111 - 366,Pakistan,WK Batter
159,Mohammad Shahzad,111 - 346,351 - 353,-,-,354 - 356,-,-,361 - 362,363 - 366,111 - 346,351 - 353,-,-,354 - 356,-,-,361 - 362,363 - 366,111 - 346,351 - 353,-,-,354 - 356,-,-,361 - 362,363 - 366,-,111 - 266,-,-,-,-,-,311 - 366,-,-,111 - 266,-,-,-,-,-,311 - 366,-,-,111 - 266,-,-,-,-,-,311 - 366,-,Afghanistan,WK Batter
160,Mohammad Wasim,111 - 366,-,-,-,-,-,-,-,-,111 - 366,-,-,-,-,-,-,-,-,111 - 234,235 - 322,-,-,323 - 344,-,-,345 - 353,354 - 366,111 - 366,-,-,-,-,-,-,-,-,111 - 366,-,-,-,-,-,-,-,-,111 - 234,235 - 322,-,-,323 - 344,-,-,345 - 353,354 - 366,Pakistan,Bowler
161,Mohammed Siraj,111 - 361,362 - 362,-,-,363 - 364,-,-,-,365 - 366,111 - 361,362 - 362,-,-,363 - 364,-,-,-,365 - 366,111 - 361,362 - 362,-,-,363 - 364,-,-,-,365 - 366,111 - 361,362 - 362,-,-,363 - 364,-,-,-,365 - 366,111 - 361,362 - 362,-,-,363 - 364,-,-,-,365 - 366,111 - 361,362 - 362,-,-,363 - 364,-,-,-,365 - 366,India,Bowler
162,Mosaddek Hossain,-,111 - 262,-,-,263 - 323,-,-,324 - 344,345 - 366,-,111 - 262,-,-,263 - 323,-,-,324 - 344,345 - 366,-,111 - 226,231 - 255,-,256 - 331,-,332 - 334,335 - 356,361 - 366,111 - 121,122 - 255,256 - 344,-,345 - 355,-,356 - 366,-,-,111 - 121,122 - 255,256 - 344,-,345 - 355,-,356 - 366,-,-,-,111 - 221,222 - 255,-,256 - 366,-,-,-,-,Bangladesh,Batter
163,MP Stoinis,111 - 366,-,-,-,-,-,-,-,-,111 - 152,153 - 245,246 - 263,-,264 - 326,-,331 - 332,333 - 355,356 - 366,111 - 146,151 - 245,246 - 265,-,266 - 336,-,341 - 346,351 - 362,363 - 366,-,-,-,-,111 - 366,-,-,-,-,111 - 132,133 - 254,255 - 316,-,321 - 344,-,345 - 356,361 - 362,363 - 366,-,111 - 366,-,-,-,-,-,-,-,Australia,Allrounder
164,MR Adair,111 - 235,236 - 263,264 - 322,-,323 - 332,-,-,333 - 342,343 - 366,111 - 235,236 - 263,264 - 322,-,323 - 332,-,-,333 - 342,343 - 366,111 - 212,213 - 251,252 - 263,-,264 - 324,-,325 - 345,346 - 361,362 - 366,111 - 164,165 - 256,261 - 312,-,313 - 336,-,341 - 343,344 - 361,362 - 366,111 - 164,165 - 256,261 - 312,-,313 - 336,-,341 - 343,344 - 361,362 - 366,111 - 212,213 - 251,252 - 263,-,264 - 324,-,325 - 345,346 - 361,362 - 366,Ireland,Bowler
165,MR Marsh,111 - 213,214 - 262,263 - 266,-,311 - 336,-,341 - 351,352 - 362,363 - 366,111 - 122,123 - 235,236 - 252,-,253 - 324,-,325 - 341,342 - 366,-,111 - 111,112 - 266,311 - 326,-,331 - 366,-,-,-,-,111 - 136,141 - 253,254 - 323,-,324 - 353,-,-,-,354 - 366,111 - 146,151 - 266,311 - 321,-,322 - 332,-,333 - 343,344 - 355,356 - 366,111 - 111,112 - 266,311 - 326,-,331 - 366,-,-,-,-,Australia,Allrounder
166,MS Chapman,111 - 253,254 - 321,322 - 334,-,335 - 354,-,-,355 - 366,-,111 - 211,212 - 262,263 - 334,-,335 - 352,-,353 - 366,-,-,111 - 211,212 - 262,263 - 334,-,335 - 352,-,353 - 366,-,-,111 - 155,156 - 231,232 - 334,-,-,-,-,-,335 - 366,111 - 165,166 - 311,312 - 322,-,323 - 346,-,351 - 353,354 - 356,361 - 366,111 - 165,166 - 311,312 - 322,-,323 - 346,-,351 - 353,354 - 356,361 - 366,New Zealand,Allrounder
167,MS Wade,-,111 - 236,241 - 366,-,-,-,-,-,-,111 - 153,154 - 264,265 - 322,-,323 - 353,-,354 - 362,363 - 364,365 - 366,-,111 - 213,214 - 235,236 - 241,242 - 314,-,315 - 342,343 - 364,365 - 366,111 - 366,-,-,-,-,-,-,-,-,111 - 236,241 - 341,342 - 352,-,353 - 361,-,-,362 - 363,364 - 366,111 - 112,113 - 316,321 - 343,-,344 - 366,-,-,-,-,Australia,WK Batter
168,Mujeeb Ur Rahman,-,111 - 366,-,-,-,-,-,-,-,-,111 - 366,-,-,-,-,-,-,-,111 - 251,252 - 322,-,-,323 - 336,-,-,341 - 353,354 - 366,111 - 362,363 - 363,-,-,364 - 365,-,366 - 366,-,-,111 - 362,363 - 363,-,-,364 - 365,-,366 - 366,-,-,-,-,-,-,111 - 166,-,-,211 - 266,311 - 366,Afghanistan,Bowler
169,Munim Shahriar,111 - 231,232 - 266,311 - 315,-,316 - 323,-,-,324 - 361,362 - 366,111 - 231,232 - 266,311 - 315,-,316 - 323,-,-,324 - 361,362 - 366,111 - 231,232 - 266,311 - 315,-,316 - 323,-,-,324 - 361,362 - 366,111 - 251,252 - 316,321 - 323,-,324 - 345,-,-,-,346 - 366,111 - 251,252 - 316,321 - 323,-,324 - 345,-,-,-,346 - 366,111 - 251,252 - 316,321 - 323,-,324 - 345,-,-,-,346 - 366,Bangladesh,Batter
170,Mushfiqur Rahim,111 - 331,332 - 366,-,-,-,-,-,-,-,111 - 153,154 - 264,265 - 323,-,324 - 344,-,345 - 346,351 - 356,361 - 366,-,111 - 232,233 - 244,-,245 - 325,-,-,326 - 354,355 - 366,111 - 155,156 - 263,-,-,264 - 324,-,-,325 - 345,346 - 366,111 - 144,145 - 333,334 - 336,-,341 - 353,-,354 - 356,-,361 - 366,-,111 - 232,233 - 244,-,245 - 325,-,-,326 - 354,355 - 366,Bangladesh,WK Batter
171,Mustafizur Rahman,111 - 366,-,-,-,-,-,-,-,-,111 - 366,-,-,-,-,-,-,-,-,111 - 134,135 - 266,-,311 - 336,-,-,-,-,341 - 366,-,-,-,-,-,-,-,-,111 - 366,-,-,-,-,-,-,-,-,111 - 366,111 - 134,135 - 266,-,311 - 336,-,-,-,-,341 - 366,Bangladesh,Bowler
172,MW Parkinson,111 - 366,-,-,-,-,-,-,-,-,111 - 366,-,-,-,-,-,-,-,-,111 - 256,-,-,-,-,-,-,261 - 322,323 - 366,111 - 366,-,-,-,-,-,-,-,-,111 - 366,-,-,-,-,-,-,-,-,111 - 256,-,-,-,-,-,-,261 - 322,323 - 366,England,Bowler
173,N Pooran,111 - 231,232 - 262,263 - 266,-,311 - 334,-,335 - 346,351 - 364,365 - 366,111 - 164,165 - 314,315 - 323,324 - 324,325 - 342,-,343 - 353,354 - 364,365 - 366,111 - 145,146 - 243,244 - 256,-,261 - 316,-,321 - 333,334 - 343,344 - 366,111 - 161,162 - 235,236 - 252,253 - 261,262 - 314,-,315 - 344,-,345 - 366,111 - 166,211 - 321,322 - 326,-,331 - 341,-,342 - 351,352 - 362,363 - 366,111 - 111,112 - 211,-,-,212 - 233,-,234 - 333,334 - 355,356 - 366,West Indies,WK Batter
174,N Thushara,111 - 366,-,-,-,-,-,-,-,-,111 - 366,-,-,-,-,-,-,-,-,111 - 366,-,-,-,-,-,-,-,-,111 - 366,-,-,-,-,-,-,-,-,111 - 366,-,-,-,-,-,-,-,-,111 - 366,-,-,-,-,-,-,-,-,Sri Lanka,Bowler
175,NA Rock,-,111 - 366,-,-,-,-,-,-,-,-,111 - 366,-,-,-,-,-,-,-,-,111 - 366,-,-,-,-,-,-,-,111 - 315,-,-,-,-,-,-,-,316 - 366,111 - 315,-,-,-,-,-,-,-,316 - 366,111 - 315,-,-,-,-,-,-,-,316 - 366,Ireland,WK Batter
176,Najibullah Zadran,111 - 164,165 - 256,261 - 314,-,315 - 351,-,-,-,352 - 366,111 - 212,213 - 315,316 - 331,332 - 332,333 - 344,-,345 - 346,351 - 363,364 - 366,111 - 123,124 - 214,215 - 224,225 - 226,231 - 252,-,253 - 331,332 - 356,361 - 366,111 - 125,126 - 314,-,-,315 - 366,-,-,-,-,111 - 216,221 - 324,325 - 333,-,334 - 344,-,345 - 355,356 - 362,363 - 366,-,111 - 246,251 - 266,-,-,-,311 - 346,351 - 366,-,Afghanistan,Batter
177,Naseem Shah,-,111 - 144,-,-,145 - 163,-,164 - 241,242 - 314,315 - 366,-,111 - 144,-,-,145 - 163,-,164 - 241,242 - 314,315 - 366,-,111 - 144,-,-,145 - 163,-,164 - 241,242 - 314,315 - 366,-,111 - 144,-,-,145 - 163,-,164 - 241,242 - 314,315 - 366,-,111 - 144,-,-,145 - 163,-,164 - 241,242 - 314,315 - 366,-,111 - 144,-,-,145 - 163,-,164 - 241,242 - 314,315 - 366,Pakistan,Bowler
178,Nasum Ahmed,111 - 152,153 - 236,241 - 323,-,324 - 366,-,-,-,-,111 - 152,153 - 236,241 - 323,-,324 - 366,-,-,-,-,111 - 214,215 - 315,316 - 343,-,-,-,-,344 - 361,362 - 366,111 - 152,153 - 236,241 - 323,-,324 - 366,-,-,-,-,111 - 152,153 - 236,241 - 323,-,324 - 366,-,-,-,-,111 - 252,-,-,-,253 - 315,-,316 - 366,-,-,Bangladesh,Bowler
179,Naveen-ul-Haq,111 - 334,335 - 354,355 - 362,-,363 - 366,-,-,-,-,111 - 334,335 - 354,355 - 362,-,363 - 366,-,-,-,-,111 - 334,335 - 354,355 - 362,-,363 - 366,-,-,-,-,111 - 325,326 - 366,-,-,-,-,-,-,-,111 - 325,326 - 366,-,-,-,-,-,-,-,111 - 325,326 - 366,-,-,-,-,-,-,-,Afghanistan,Bowler
180,Nazmul Hossain Shanto,111 - 146,151 - 311,312 - 316,321 - 325,326 - 334,-,-,335 - 352,353 - 366,111 - 125,126 - 264,265 - 323,-,324 - 342,-,-,343 - 361,362 - 366,111 - 234,235 - 256,-,261 - 322,-,-,-,323 - 366,-,111 - 155,156 - 324,325 - 345,-,346 - 366,-,-,-,-,111 - 151,152 - 315,316 - 324,325 - 326,331 - 345,-,346 - 351,352 - 362,363 - 366,111 - 234,235 - 256,-,261 - 322,-,-,-,323 - 366,-,Bangladesh,Batter
181,Nijat Masood,111 - 256,261 - 322,323 - 344,-,-,-,-,345 - 366,-,111 - 256,261 - 322,323 - 344,-,-,-,-,345 - 366,-,111 - 256,261 - 322,323 - 344,-,-,-,-,345 - 366,-,111 - 256,261 - 322,323 - 344,-,-,-,-,345 - 366,-,111 - 256,261 - 322,323 - 344,-,-,-,-,345 - 366,-,111 - 256,261 - 322,323 - 344,-,-,-,-,345 - 366,-,Afghanistan,Bowler
182,Noor Ahmad,111 - 266,311 - 336,341 - 353,-,-,-,-,354 - 366,-,111 - 266,311 - 336,341 - 353,-,-,-,-,354 - 366,-,111 - 266,311 - 336,341 - 353,-,-,-,-,354 - 366,-,111 - 366,-,-,-,-,-,-,-,-,111 - 366,-,-,-,-,-,-,-,-,111 - 366,-,-,-,-,-,-,-,-,Afghanistan,Bowler
183,Nurul Hasan,111 - 155,156 - 322,323 - 335,-,-,-,336 - 351,352 - 363,364 - 366,111 - 155,156 - 322,323 - 335,-,-,-,336 - 351,352 - 363,364 - 366,111 - 215,216 - 311,312 - 316,-,321 - 326,-,331 - 336,341 - 346,351 - 366,111 - 154,155 - 326,331 - 343,-,-,-,344 - 356,361 - 363,364 - 366,111 - 154,155 - 326,331 - 343,-,-,-,344 - 356,361 - 363,364 - 366,-,111 - 323,-,-,324 - 345,-,-,346 - 366,-,Bangladesh,WK Batter
184,O Thomas,111 - 145,146 - 223,-,-,-,-,-,224 - 256,261 - 366,111 - 145,146 - 223,-,-,-,-,-,224 - 256,261 - 366,111 - 145,146 - 223,-,-,-,-,-,224 - 256,261 - 366,111 - 145,146 - 223,-,-,-,-,-,224 - 256,261 - 366,111 - 145,146 - 223,-,-,-,-,-,224 - 256,261 - 366,111 - 145,146 - 223,-,-,-,-,-,224 - 256,261 - 366,West Indies,Bowler
185,OC McCoy,111 - 315,-,-,-,-,-,-,-,316 - 366,111 - 315,-,-,-,-,-,-,-,316 - 366,111 - 366,-,-,-,-,-,-,-,-,111 - 315,-,-,-,-,-,-,-,316 - 366,111 - 315,-,-,-,-,-,-,-,316 - 366,111 - 145,146 - 246,-,-,251 - 266,-,311 - 326,331 - 366,-,West Indies,Bowler
186,OF Smith,111 - 255,256 - 366,-,-,-,-,-,-,-,111 - 136,141 - 314,-,-,315 - 326,-,331 - 342,343 - 366,-,111 - 146,151 - 233,234 - 253,-,254 - 322,-,323 - 336,341 - 354,355 - 366,111 - 255,256 - 366,-,-,-,-,-,-,-,111 - 242,243 - 311,-,-,-,-,312 - 324,325 - 341,342 - 366,111 - 146,151 - 233,234 - 253,-,254 - 322,-,323 - 336,341 - 354,355 - 366,West Indies,Allrounder
187,OP Stone,-,-,-,-,-,-,-,-,111 - 366,-,-,-,-,-,-,-,-,111 - 366,-,-,-,-,-,-,-,-,111 - 366,-,-,-,-,-,-,-,-,111 - 366,-,-,-,-,-,-,-,-,111 - 366,-,-,-,-,-,-,-,-,111 - 366,England,Bowler
188,P Nissanka,111 - 231,232 - 314,315 - 324,325 - 325,326 - 346,-,351 - 351,352 - 363,364 - 366,111 - 135,136 - 311,312 - 325,326 - 326,331 - 351,-,352 - 352,353 - 363,364 - 366,-,111 - 156,161 - 216,-,221 - 263,-,264 - 316,321 - 346,351 - 366,111 - 132,133 - 344,345 - 351,-,352 - 362,-,-,363 - 366,-,111 - 126,131 - 316,321 - 332,333 - 333,334 - 345,-,346 - 354,355 - 361,362 - 366,-,-,-,-,-,-,-,-,111 - 366,Sri Lanka,Batter
189,Parvez Hossain Emon,111 - 353,-,-,-,-,-,-,-,354 - 366,111 - 353,-,-,-,-,-,-,-,354 - 366,111 - 353,-,-,-,-,-,-,-,354 - 366,111 - 155,156 - 366,-,-,-,-,-,-,-,111 - 155,156 - 366,-,-,-,-,-,-,-,111 - 155,156 - 366,-,-,-,-,-,-,-,Bangladesh,WK Batter
190,PBB Rajapaksa,111 - 123,124 - 313,-,-,-,-,314 - 366,-,-,111 - 143,144 - 244,245 - 256,-,261 - 331,-,332 - 343,344 - 356,361 - 366,111 - 134,135 - 232,233 - 252,253 - 254,255 - 313,-,314 - 325,326 - 356,361 - 366,111 - 255,256 - 366,-,-,-,-,-,-,-,111 - 211,212 - 322,323 - 333,-,334 - 351,-,352 - 361,362 - 363,364 - 366,-,111 - 221,222 - 332,-,-,-,-,-,333 - 366,Sri Lanka,Batter
191,PD Salt,-,111 - 253,-,-,254 - 334,-,335 - 342,343 - 346,351 - 366,-,111 - 224,225 - 243,-,244 - 322,-,323 - 334,335 - 354,355 - 366,-,111 - 153,-,-,154 - 236,-,241 - 323,-,324 - 366,111 - 126,131 - 235,236 - 242,-,243 - 343,-,344 - 354,355 - 362,363 - 366,111 - 135,136 - 335,336 - 353,-,354 - 356,-,361 - 363,-,364 - 366,-,111 - 153,-,-,154 - 236,-,241 - 323,-,324 - 366,England,WK Batter
192,PJ Cummins,111 - 214,215 - 256,261 - 315,316 - 324,-,-,325 - 342,-,343 - 366,111 - 214,215 - 256,261 - 315,316 - 324,-,-,325 - 342,-,343 - 366,111 - 214,215 - 256,261 - 315,316 - 324,-,-,325 - 342,-,343 - 366,-,-,-,-,111 - 366,-,-,-,-,-,-,-,-,111 - 366,-,-,-,-,-,-,-,-,111 - 366,-,-,-,-,Australia,Bowler
193,PR Stirling,111 - 226,231 - 256,261 - 262,-,263 - 331,-,332 - 341,342 - 356,361 - 366,111 - 142,143 - 244,-,-,-,-,245 - 264,265 - 345,346 - 366,111 - 142,143 - 244,-,-,-,-,245 - 264,265 - 345,346 - 366,111 - 144,145 - 246,251 - 255,-,256 - 323,-,324 - 351,-,352 - 366,111 - 242,243 - 322,-,-,323 - 326,-,331 - 344,345 - 352,353 - 366,111 - 242,243 - 322,-,-,323 - 326,-,331 - 344,345 - 352,353 - 366,Ireland,Batter
194,PVD Chameera,-,111 - 266,311 - 366,-,-,-,-,-,-,-,111 - 266,311 - 366,-,-,-,-,-,-,111 - 145,146 - 246,251 - 256,-,261 - 323,-,324 - 326,331 - 336,341 - 366,-,111 - 266,311 - 366,-,-,-,-,-,-,-,111 - 266,311 - 366,-,-,-,-,-,-,111 - 252,253 - 343,-,-,-,-,-,344 - 366,-,Sri Lanka,Bowler
195,PWH de Silva,111 - 323,324 - 342,-,-,343 - 361,-,-,362 - 366,-,111 - 134,135 - 244,245 - 266,-,311 - 342,-,343 - 351,-,352 - 366,111 - 165,166 - 254,255 - 313,-,314 - 354,-,-,-,355 - 366,111 - 323,324 - 342,-,-,343 - 361,-,-,362 - 366,-,111 - 131,132 - 266,311 - 322,-,323 - 352,-,-,353 - 356,361 - 366,111 - 125,126 - 232,-,-,233 - 335,-,-,-,336 - 366,Sri Lanka,Allrounder
196,Q de Kock,111 - 222,223 - 311,312 - 321,-,322 - 334,-,335 - 336,341 - 355,356 - 366,111 - 115,116 - 254,255 - 311,-,312 - 332,-,333 - 335,336 - 356,361 - 366,-,111 - 252,253 - 315,-,-,-,316 - 342,343 - 366,-,111 - 155,156 - 262,-,-,263 - 346,-,-,351 - 356,361 - 366,-,111 - 322,323 - 325,-,326 - 344,-,345 - 356,-,361 - 366,111 - 225,226 - 316,-,-,-,-,321 - 366,-,-,South Africa,WK Batter
197,Qais Ahmad,111 - 322,323 - 366,-,-,-,-,-,-,-,111 - 322,323 - 366,-,-,-,-,-,-,-,111 - 145,146 - 256,-,-,261 - 333,-,-,-,334 - 366,111 - 315,316 - 366,-,-,-,-,-,-,-,111 - 315,316 - 366,-,-,-,-,-,-,-,111 - 145,146 - 256,-,-,261 - 333,-,-,-,334 - 366,Afghanistan,Bowler
198,R Ashwin,111 - 222,223 - 366,-,-,-,-,-,-,-,111 - 222,223 - 366,-,-,-,-,-,-,-,111 - 121,122 - 254,255 - 316,-,321 - 334,-,335 - 343,344 - 361,362 - 366,-,-,-,-,-,-,-,-,111 - 366,-,-,-,-,-,-,-,-,111 - 366,111 - 121,122 - 254,255 - 316,-,321 - 334,-,335 - 343,344 - 361,362 - 366,India,Allrounder
199,R Powell,111 - 132,133 - 152,153 - 212,-,213 - 251,-,252 - 331,332 - 366,-,111 - 156,161 - 316,321 - 324,325 - 325,326 - 341,-,342 - 354,355 - 363,364 - 366,111 - 116,121 - 232,233 - 251,-,252 - 262,-,263 - 335,336 - 356,361 - 366,111 - 132,133 - 152,153 - 212,-,213 - 251,-,252 - 331,332 - 366,-,111 - 235,236 - 323,324 - 332,333 - 333,334 - 342,-,343 - 354,355 - 361,362 - 366,111 - 136,141 - 253,-,-,254 - 312,-,-,313 - 351,352 - 366,West Indies,Batter
200,R Rampaul,111 - 222,223 - 366,-,-,-,-,-,-,-,111 - 222,223 - 366,-,-,-,-,-,-,-,111 - 222,223 - 366,-,-,-,-,-,-,-,111 - 353,354 - 362,-,-,-,-,-,-,363 - 366,111 - 353,354 - 362,-,-,-,-,-,-,363 - 366,111 - 353,354 - 362,-,-,-,-,-,-,363 - 366,West Indies,Bowler
201,R Ravindra,111 - 251,252 - 335,-,-,336 - 353,-,-,-,354 - 366,111 - 251,252 - 335,-,-,336 - 353,-,-,-,354 - 366,111 - 251,252 - 335,-,-,336 - 353,-,-,-,354 - 366,111 - 251,252 - 335,-,-,336 - 353,-,-,-,354 - 366,111 - 251,252 - 335,-,-,336 - 353,-,-,-,354 - 366,111 - 251,252 - 335,-,-,336 - 353,-,-,-,354 - 366,New Zealand,Allrounder
202,R Shepherd,111 - 232,233 - 325,326 - 336,-,341 - 345,-,346 - 354,355 - 366,-,111 - 232,233 - 325,326 - 336,-,341 - 345,-,346 - 354,355 - 366,-,111 - 153,154 - 251,252 - 311,-,312 - 323,-,324 - 344,345 - 356,361 - 366,111 - 312,313 - 334,335 - 336,-,-,-,341 - 356,361 - 362,363 - 366,111 - 312,313 - 334,335 - 336,-,-,-,341 - 356,361 - 362,363 - 366,111 - 155,-,156 - 324,-,-,-,325 - 366,-,-,West Indies,Bowler
203,RA Jadeja,111 - 115,116 - 266,311 - 321,-,322 - 343,-,344 - 344,345 - 365,366 - 366,111 - 115,116 - 266,311 - 321,-,322 - 343,-,344 - 344,345 - 365,366 - 366,111 - 142,143 - 245,246 - 311,-,312 - 334,-,335 - 343,344 - 361,362 - 366,111 - 213,214 - 341,-,-,342 - 346,-,351 - 356,361 - 363,364 - 366,111 - 213,214 - 341,-,-,342 - 346,-,351 - 356,361 - 363,364 - 366,-,-,-,-,-,-,-,-,111 - 366,India,Allrounder
204,RA Reifer,-,111 - 266,311 - 326,-,-,-,-,331 - 346,351 - 366,-,111 - 266,311 - 326,-,-,-,-,331 - 346,351 - 366,-,111 - 266,311 - 326,-,-,-,-,331 - 346,351 - 366,111 - 153,154 - 343,344 - 354,-,-,-,-,355 - 366,-,111 - 153,154 - 343,344 - 354,-,-,-,-,355 - 366,-,111 - 153,154 - 343,344 - 354,-,-,-,-,355 - 366,-,West Indies,Allrounder
205,Rahmanullah Gurbaz,111 - 232,233 - 311,312 - 316,321 - 322,323 - 343,-,344 - 354,355 - 356,361 - 366,111 - 124,125 - 221,222 - 241,-,242 - 265,-,266 - 322,323 - 353,354 - 366,111 - 124,125 - 221,222 - 241,-,242 - 265,-,266 - 322,323 - 353,354 - 366,111 - 162,163 - 261,262 - 266,-,311 - 325,-,326 - 351,352 - 354,355 - 366,111 - 151,152 - 314,315 - 332,-,333 - 342,-,343 - 345,346 - 352,353 - 366,111 - 151,152 - 314,315 - 332,-,333 - 342,-,343 - 345,346 - 352,353 - 366,Afghanistan,WK Batter
206,Rashid Khan,111 - 322,323 - 326,331 - 342,343 - 346,351 - 354,-,355 - 362,-,363 - 366,111 - 322,323 - 326,331 - 342,343 - 346,351 - 354,-,355 - 362,-,363 - 366,111 - 256,261 - 324,325 - 335,-,336 - 343,-,344 - 346,351 - 353,354 - 366,111 - 225,226 - 323,324 - 326,-,331 - 342,-,343 - 354,355 - 362,363 - 366,111 - 225,226 - 323,324 - 326,-,331 - 342,-,343 - 354,355 - 362,363 - 366,111 - 145,146 - 326,-,-,-,-,-,-,331 - 366,Afghanistan,Bowler
207,Ravi Bishnoi,-,-,111 - 153,-,154 - 323,-,-,-,324 - 366,-,-,111 - 153,-,154 - 323,-,-,-,324 - 366,-,-,111 - 153,-,154 - 323,-,-,-,324 - 366,-,-,111 - 153,-,154 - 323,-,-,-,324 - 366,-,-,111 - 153,-,154 - 323,-,-,-,324 - 366,-,-,111 - 153,-,154 - 323,-,-,-,324 - 366,India,Bowler
208,RD Gaikwad,111 - 241,242 - 266,311 - 316,-,321 - 341,-,342 - 344,345 - 356,361 - 366,111 - 125,126 - 221,-,-,222 - 236,-,241 - 332,333 - 351,352 - 366,111 - 125,126 - 221,-,-,222 - 236,-,241 - 332,333 - 351,352 - 366,-,111 - 366,-,-,-,-,-,-,-,-,111 - 262,263 - 323,-,324 - 344,-,-,-,345 - 366,-,111 - 262,263 - 323,-,324 - 344,-,-,-,345 - 366,India,Batter
209,RG Sharma,111 - 215,216 - 256,261 - 262,263 - 263,264 - 331,-,332 - 346,351 - 361,362 - 366,111 - 121,122 - 241,242 - 253,-,254 - 326,-,331 - 336,341 - 353,354 - 366,111 - 121,122 - 241,242 - 253,-,254 - 326,-,331 - 336,341 - 353,354 - 366,111 - 161,162 - 265,266 - 312,-,313 - 351,-,352 - 355,356 - 361,362 - 366,111 - 154,155 - 326,331 - 334,335 - 336,341 - 345,-,346 - 356,361 - 361,362 - 366,111 - 154,155 - 326,331 - 334,335 - 336,341 - 345,-,346 - 356,361 - 361,362 - 366,India,Batter
210,RJ Gleeson,111 - 222,-,223 - 314,-,-,-,-,-,315 - 366,111 - 222,-,223 - 314,-,-,-,-,-,315 - 366,-,-,-,-,-,-,-,-,111 - 366,111 - 222,-,223 - 314,-,-,-,-,-,315 - 366,111 - 222,-,223 - 314,-,-,-,-,-,315 - 366,-,-,-,-,-,-,-,-,111 - 366,England,Bowler
211,RJW Topley,111 - 152,153 - 265,266 - 316,-,321 - 331,-,-,332 - 343,344 - 366,111 - 152,153 - 265,266 - 316,-,321 - 331,-,-,332 - 343,344 - 366,111 - 152,153 - 265,266 - 316,-,321 - 331,-,-,332 - 343,344 - 366,111 - 152,153 - 265,266 - 316,-,321 - 331,-,-,332 - 343,344 - 366,111 - 152,153 - 265,266 - 316,-,321 - 331,-,-,332 - 343,344 - 366,111 - 152,153 - 265,266 - 316,-,321 - 331,-,-,332 - 343,344 - 366,England,Bowler
212,RL Chase,111 - 253,254 - 316,321 - 343,-,344 - 354,-,-,-,355 - 366,111 - 163,164 - 252,253 - 313,-,314 - 341,-,-,342 - 352,353 - 366,111 - 164,165 - 244,245 - 325,-,-,-,-,-,326 - 366,111 - 255,256 - 366,-,-,-,-,-,-,-,111 - 232,233 - 342,-,-,-,-,-,343 - 362,363 - 366,-,111 - 366,-,-,-,-,-,-,-,West Indies,Allrounder
213,RP Burl,111 - 225,226 - 346,351 - 354,-,355 - 362,-,-,363 - 366,-,111 - 225,226 - 346,351 - 354,-,355 - 362,-,-,363 - 366,-,111 - 134,135 - 222,223 - 265,-,266 - 322,-,-,-,323 - 366,111 - 263,264 - 343,344 - 344,-,345 - 354,-,355 - 365,-,366 - 366,111 - 263,264 - 343,344 - 344,-,345 - 354,-,355 - 365,-,366 - 366,111 - 136,141 - 214,-,-,-,-,215 - 253,254 - 332,333 - 366,Zimbabwe,Allrounder
214,RR Hendricks,111 - 222,223 - 265,266 - 313,314 - 314,315 - 352,-,353 - 354,355 - 363,364 - 366,111 - 131,132 - 252,253 - 312,-,313 - 344,-,345 - 351,352 - 363,364 - 366,-,-,-,-,-,-,-,-,111 - 366,111 - 146,151 - 326,331 - 342,-,343 - 354,-,355 - 362,-,363 - 366,111 - 122,123 - 322,323 - 331,332 - 333,334 - 353,-,354 - 355,-,356 - 366,-,-,-,-,-,-,-,-,111 - 366,South Africa,Batter
215,RR Pant,111 - 142,143 - 226,231 - 243,-,244 - 314,-,315 - 335,336 - 356,361 - 366,111 - 142,143 - 261,262 - 314,-,315 - 342,-,343 - 344,345 - 361,362 - 366,111 - 136,141 - 241,242 - 251,-,252 - 312,-,313 - 333,334 - 363,364 - 366,-,111 - 366,-,-,-,-,-,-,-,111 - 214,215 - 325,326 - 332,-,333 - 345,-,346 - 351,352 - 361,362 - 366,111 - 225,226 - 366,-,-,-,-,-,-,-,India,WK Batter
216,RR Rossouw,111 - 253,254 - 313,-,314 - 316,321 - 346,-,-,351 - 353,354 - 366,111 - 125,126 - 233,234 - 235,-,236 - 326,-,331 - 355,356 - 366,-,111 - 113,114 - 235,236 - 264,-,265 - 325,-,326 - 341,342 - 366,-,-,111 - 366,-,-,-,-,-,-,-,111 - 126,131 - 246,-,-,251 - 264,-,265 - 335,336 - 361,362 - 366,111 - 113,114 - 235,236 - 264,-,265 - 325,-,326 - 341,342 - 366,-,South Africa,Batter
217,RW Chakabva,111 - 212,213 - 242,-,-,243 - 311,-,-,312 - 353,354 - 366,111 - 133,134 - 263,264 - 326,-,331 - 342,-,-,343 - 354,355 - 366,111 - 134,135 - 235,236 - 266,-,311 - 336,-,-,-,341 - 366,111 - 155,156 - 244,245 - 262,-,263 - 316,-,321 - 334,-,335 - 366,-,111 - 236,241 - 261,-,262 - 344,-,-,345 - 366,-,111 - 134,135 - 235,236 - 266,-,311 - 336,-,-,-,341 - 366,Zimbabwe,WK Batter
218,S Mahmood,111 - 244,245 - 266,311 - 333,-,334 - 344,-,-,-,345 - 366,111 - 244,245 - 266,311 - 333,-,334 - 344,-,-,-,345 - 366,111 - 244,245 - 266,311 - 333,-,334 - 344,-,-,-,345 - 366,111 - 363,364 - 366,-,-,-,-,-,-,-,111 - 363,364 - 366,-,-,-,-,-,-,-,111 - 363,364 - 366,-,-,-,-,-,-,-,England,Bowler
219,SA Abbott,-,-,-,-,-,-,-,-,111 - 366,-,-,-,-,-,-,-,-,111 - 366,-,-,-,-,-,-,-,-,111 - 366,-,-,-,-,-,-,-,-,111 - 366,-,-,-,-,-,-,-,-,111 - 366,-,-,-,-,-,-,-,-,111 - 366,Australia,Allrounder
220,SA Yadav,111 - 152,153 - 242,243 - 253,254 - 255,256 - 332,-,333 - 346,351 - 362,363 - 366,111 - 135,136 - 246,251 - 255,-,256 - 323,-,324 - 346,351 - 354,355 - 366,-,111 - 212,213 - 216,-,221 - 246,-,251 - 326,331 - 352,353 - 366,111 - 134,135 - 232,-,-,233 - 311,-,-,312 - 331,332 - 366,111 - 145,146 - 264,265 - 322,-,323 - 344,-,345 - 355,356 - 364,365 - 366,-,111 - 213,-,-,214 - 262,-,263 - 316,321 - 352,353 - 366,India,Batter
221,Sabbir Rahman,-,111 - 166,-,-,211 - 266,-,-,-,311 - 366,-,111 - 166,-,-,211 - 266,-,-,-,311 - 366,-,111 - 166,-,-,211 - 266,-,-,-,311 - 366,111 - 366,-,-,-,-,-,-,-,-,111 - 366,-,-,-,-,-,-,-,-,111 - 366,-,-,-,-,-,-,-,-,Bangladesh,Batter
222,Saif Hassan,111 - 153,154 - 225,-,-,-,-,-,226 - 262,263 - 366,111 - 153,154 - 225,-,-,-,-,-,226 - 262,263 - 366,111 - 153,154 - 225,-,-,-,-,-,226 - 262,263 - 366,111 - 366,-,-,-,-,-,-,-,-,111 - 366,-,-,-,-,-,-,-,-,111 - 366,-,-,-,-,-,-,-,-,Bangladesh,Batter
223,Sarfraz Ahmed,-,-,-,-,-,-,-,111 - 366,-,-,-,-,-,-,-,-,111 - 366,-,111 - 266,311 - 353,-,-,-,-,-,354 - 366,-,-,-,-,-,-,-,-,111 - 366,-,-,-,-,-,-,-,-,111 - 366,-,111 - 155,156 - 324,-,-,-,-,-,-,325 - 366,Pakistan,WK Batter
224,SC Williams,111 - 353,-,-,-,354 - 366,-,-,-,-,-,111 - 266,-,-,-,-,-,-,311 - 366,-,111 - 266,-,-,-,-,-,-,311 - 366,111 - 255,-,-,-,256 - 332,-,-,-,333 - 366,111 - 162,163 - 311,312 - 316,-,321 - 346,-,351 - 354,355 - 362,363 - 366,111 - 162,163 - 311,312 - 316,-,321 - 346,-,351 - 354,355 - 362,363 - 366,Zimbabwe,Allrounder
225,SD Hope,111 - 221,222 - 316,321 - 325,-,326 - 351,-,-,352 - 355,356 - 366,111 - 122,123 - 262,-,-,263 - 334,-,-,335 - 366,-,111 - 122,123 - 262,-,-,263 - 334,-,-,335 - 366,-,111 - 342,343 - 366,-,-,-,-,-,-,-,111 - 121,122 - 266,-,-,311 - 321,-,-,322 - 332,333 - 366,111 - 121,122 - 266,-,-,311 - 321,-,-,322 - 332,333 - 366,West Indies,WK Batter
226,Shadab Khan,111 - 122,123 - 334,-,-,-,-,-,335 - 366,-,111 - 122,123 - 334,-,-,-,-,-,335 - 366,-,111 - 151,152 - 311,-,-,312 - 332,-,333 - 362,-,363 - 366,111 - 226,231 - 312,313 - 333,-,334 - 341,-,342 - 362,-,363 - 366,111 - 226,231 - 312,313 - 333,-,334 - 341,-,342 - 362,-,363 - 366,111 - 136,141 - 215,216 - 234,-,235 - 253,-,254 - 332,-,333 - 366,Pakistan,Bowler
227,Shaheen Shah Afridi,111 - 334,-,-,-,-,-,-,-,335 - 366,111 - 334,-,-,-,-,-,-,-,335 - 366,111 - 334,-,-,-,-,-,-,-,335 - 366,111 - 334,-,-,-,-,-,-,-,335 - 366,111 - 334,-,-,-,-,-,-,-,335 - 366,111 - 334,-,-,-,-,-,-,-,335 - 366,Pakistan,Bowler
228,Shahnawaz Dhani,111 - 134,-,135 - 235,-,-,-,236 - 336,-,341 - 366,111 - 134,-,135 - 235,-,-,-,236 - 336,-,341 - 366,111 - 134,-,135 - 235,-,-,-,236 - 336,-,341 - 366,111 - 134,-,135 - 235,-,-,-,236 - 336,-,341 - 366,111 - 134,-,135 - 235,-,-,-,236 - 336,-,341 - 366,111 - 134,-,135 - 235,-,-,-,236 - 336,-,341 - 366,Pakistan,Bowler
229,Shakib Al Hasan,111 - 216,221 - 325,-,-,326 - 356,-,-,361 - 363,364 - 366,-,111 - 244,245 - 262,-,263 - 325,-,-,326 - 334,335 - 366,111 - 214,215 - 256,261 - 265,-,266 - 323,-,324 - 351,352 - 366,-,111 - 155,156 - 316,-,-,321 - 334,-,335 - 352,353 - 366,-,111 - 152,153 - 322,323 - 332,333 - 334,335 - 344,-,345 - 346,351 - 354,355 - 366,111 - 214,215 - 256,261 - 265,-,266 - 323,-,324 - 351,352 - 366,-,Bangladesh,Allrounder
230,Shamim Hossain,111 - 344,345 - 354,-,-,355 - 366,-,-,-,-,111 - 243,244 - 321,322 - 336,-,341 - 351,-,-,352 - 366,-,111 - 243,244 - 321,322 - 336,-,341 - 351,-,-,352 - 366,-,111 - 344,345 - 354,-,-,355 - 366,-,-,-,-,111 - 263,264 - 341,342 - 351,-,-,-,352 - 354,-,355 - 366,111 - 263,264 - 341,342 - 351,-,-,-,352 - 354,-,355 - 366,Bangladesh,Allrounder
231,Shan Masood,111 - 116,121 - 314,-,-,315 - 342,-,-,343 - 354,355 - 366,111 - 122,123 - 245,246 - 311,-,312 - 321,-,322 - 324,325 - 363,364 - 366,-,111 - 234,235 - 266,-,311 - 326,-,-,331 - 354,355 - 366,111 - 116,121 - 314,-,-,315 - 342,-,-,343 - 354,355 - 366,-,111 - 242,243 - 264,-,265 - 323,-,324 - 341,342 - 363,364 - 366,-,111 - 166,-,-,-,-,211 - 266,311 - 366,-,Pakistan,Batter
232,Sharafuddin Ashraf,111 - 366,-,-,-,-,-,-,-,-,111 - 366,-,-,-,-,-,-,-,-,111 - 234,235 - 366,-,-,-,-,-,-,-,111 - 215,-,-,-,216 - 312,-,-,-,313 - 366,111 - 215,-,-,-,216 - 312,-,-,-,313 - 366,111 - 234,235 - 366,-,-,-,-,-,-,-,Afghanistan,Bowler
233,Shoaib Malik,111 - 233,234 - 342,-,-,343 - 354,-,-,-,355 - 366,111 - 233,234 - 342,-,-,343 - 354,-,-,-,355 - 366,111 - 164,165 - 325,-,-,-,-,-,-,326 - 366,111 - 166,211 - 342,-,-,343 - 354,-,-,355 - 366,-,111 - 166,211 - 342,-,-,343 - 354,-,-,355 - 366,-,-,111 - 153,154 - 236,-,241 - 262,-,263 - 345,346 - 366,-,Pakistan,Allrounder
234,Shoriful Islam,111 - 315,-,-,-,-,-,-,-,316 - 366,111 - 315,-,-,-,-,-,-,-,316 - 366,111 - 164,-,-,-,165 - 244,-,-,245 - 325,326 - 366,111 - 315,-,-,-,-,-,-,-,316 - 366,111 - 315,-,-,-,-,-,-,-,316 - 366,111 - 164,-,-,-,165 - 244,-,-,245 - 325,326 - 366,Bangladesh,Bowler
235,Sikandar Raza,111 - 353,354 - 366,-,-,-,-,-,-,-,111 - 135,136 - 256,261 - 321,322 - 323,324 - 346,-,351 - 361,362 - 366,-,-,111 - 211,212 - 226,-,231 - 253,-,254 - 324,325 - 351,352 - 366,111 - 366,-,-,-,-,-,-,-,-,111 - 226,231 - 325,326 - 336,-,341 - 343,-,344 - 353,354 - 356,361 - 366,111 - 136,141 - 253,-,-,254 - 332,-,-,-,333 - 366,Zimbabwe,Allrounder
236,Simi Singh,-,111 - 366,-,-,-,-,-,-,-,-,111 - 366,-,-,-,-,-,-,-,111 - 366,-,-,-,-,-,-,-,-,-,111 - 366,-,-,-,-,-,-,-,-,111 - 366,-,-,-,-,-,-,-,111 - 325,326 - 366,-,-,-,-,-,-,-,Ireland,Allrounder
237,SM Curran,111 - 161,162 - 232,233 - 321,-,-,-,-,-,322 - 366,111 - 161,162 - 232,233 - 321,-,-,-,-,-,322 - 366,111 - 154,155 - 332,333 - 351,-,352 - 366,-,-,-,-,111 - 133,134 - 265,266 - 315,-,316 - 325,326 - 336,341 - 346,-,351 - 366,111 - 133,134 - 265,266 - 315,-,316 - 325,326 - 336,341 - 346,-,351 - 366,111 - 154,155 - 332,333 - 351,-,352 - 366,-,-,-,-,England,Allrounder
238,SN Thakur,111 - 366,-,-,-,-,-,-,-,-,111 - 366,-,-,-,-,-,-,-,-,111 - 366,-,-,-,-,-,-,-,-,111 - 366,-,-,-,-,-,-,-,-,111 - 366,-,-,-,-,-,-,-,-,111 - 366,-,-,-,-,-,-,-,-,India,Bowler
239,SO Hetmyer,111 - 153,154 - 334,-,-,335 - 366,-,-,-,-,111 - 213,214 - 316,321 - 324,-,325 - 344,-,345 - 355,356 - 365,366 - 366,111 - 213,214 - 262,263 - 265,-,266 - 322,-,323 - 344,345 - 356,361 - 366,111 - 264,265 - 325,-,-,326 - 354,-,-,355 - 362,363 - 366,111 - 251,252 - 334,335 - 336,-,341 - 346,-,351 - 353,354 - 356,361 - 366,111 - 155,156 - 324,-,-,325 - 366,-,-,-,-,West Indies,Batter
240,Soumya Sarkar,111 - 313,314 - 326,-,-,331 - 342,-,-,-,343 - 366,111 - 164,165 - 254,255 - 343,-,344 - 366,-,-,-,-,111 - 164,165 - 254,255 - 343,-,344 - 366,-,-,-,-,111 - 313,314 - 326,-,-,331 - 342,-,-,-,343 - 366,111 - 115,116 - 261,-,-,262 - 333,-,-,-,334 - 366,111 - 115,116 - 261,-,-,262 - 333,-,-,-,334 - 366,Bangladesh,Batter
241,SPD Smith,111 - 311,312 - 344,-,345 - 355,-,-,-,-,356 - 366,111 - 123,124 - 263,264 - 315,-,316 - 344,-,345 - 346,351 - 356,361 - 366,111 - 221,222 - 255,-,256 - 265,266 - 333,-,334 - 342,343 - 361,362 - 366,111 - 136,141 - 336,-,-,-,-,-,341 - 366,-,111 - 152,153 - 332,333 - 344,-,345 - 354,-,-,355 - 361,362 - 366,111 - 112,113 - 316,321 - 343,-,-,-,344 - 366,-,-,Australia,Batter
242,SS Iyer,111 - 224,225 - 265,266 - 313,314 - 315,316 - 354,-,355 - 355,356 - 362,363 - 366,111 - 132,133 - 324,325 - 335,-,336 - 346,-,351 - 354,355 - 363,364 - 366,111 - 124,125 - 223,224 - 251,-,252 - 325,-,326 - 335,336 - 353,354 - 366,111 - 366,-,-,-,-,-,-,-,-,111 - 135,136 - 263,264 - 316,-,321 - 331,-,332 - 353,354 - 362,363 - 366,111 - 124,125 - 223,224 - 251,-,252 - 325,-,326 - 335,336 - 353,354 - 366,India,Batter
243,SSJ Brooks,111 - 214,215 - 263,264 - 324,-,325 - 351,-,352 - 355,356 - 366,-,111 - 242,243 - 322,323 - 331,-,332 - 333,-,334 - 335,336 - 361,362 - 366,111 - 234,235 - 344,345 - 366,-,-,-,-,-,-,111 - 252,253 - 313,314 - 321,-,322 - 336,-,341 - 342,343 - 352,353 - 366,111 - 246,251 - 335,336 - 343,344 - 344,345 - 345,-,346 - 362,363 - 363,364 - 366,111 - 225,226 - 366,-,-,-,-,-,-,-,West Indies,Batter
244,SV Samson,111 - 164,165 - 314,-,-,315 - 351,-,-,352 - 366,-,111 - 124,125 - 242,243 - 252,-,253 - 325,-,326 - 341,342 - 356,361 - 366,-,111 - 262,-,-,263 - 316,-,321 - 334,335 - 352,353 - 366,111 - 164,165 - 314,-,-,315 - 351,-,-,352 - 366,-,111 - 123,124 - 315,-,-,316 - 341,-,342 - 362,363 - 366,-,-,111 - 262,-,-,263 - 316,-,321 - 334,335 - 352,353 - 366,India,WK Batter
245,SW Billings,111 - 322,323 - 344,-,-,345 - 355,-,-,356 - 366,-,111 - 322,323 - 344,-,-,345 - 355,-,-,356 - 366,-,111 - 136,141 - 222,223 - 232,-,-,-,233 - 314,315 - 356,361 - 366,111 - 142,143 - 246,251 - 344,-,-,-,-,-,345 - 366,111 - 142,143 - 246,251 - 344,-,-,-,-,-,345 - 366,-,111 - 266,-,-,311 - 366,-,-,-,-,England,WK Batter
246,T Banton,111 - 224,225 - 262,263 - 314,-,315 - 341,-,342 - 346,351 - 355,356 - 366,111 - 125,126 - 246,251 - 314,-,315 - 323,-,324 - 351,352 - 361,362 - 366,111 - 125,126 - 246,251 - 314,-,315 - 323,-,324 - 351,352 - 361,362 - 366,111 - 155,156 - 262,-,-,263 - 334,-,335 - 366,-,-,111 - 164,165 - 241,-,-,242 - 314,-,315 - 351,-,352 - 366,111 - 164,165 - 241,-,-,242 - 314,-,315 - 351,-,352 - 366,England,Batter
247,T Bavuma,111 - 311,312 - 333,334 - 341,-,342 - 353,-,354 - 354,355 - 356,361 - 366,111 - 236,241 - 331,332 - 344,345 - 352,353 - 362,-,-,363 - 364,365 - 366,111 - 164,165 - 244,245 - 325,-,-,-,326 - 366,-,-,-,111 - 245,246 - 321,-,-,-,-,-,322 - 366,111 - 152,153 - 326,331 - 336,-,341 - 353,-,354 - 356,361 - 363,364 - 366,-,-,-,-,-,-,-,-,111 - 366,South Africa,Batter
248,T Marumani,111 - 153,154 - 316,-,-,321 - 352,-,-,353 - 366,-,111 - 222,223 - 314,-,-,-,-,315 - 366,-,-,111 - 222,223 - 314,-,-,-,-,315 - 366,-,-,111 - 366,-,-,-,-,-,-,-,-,111 - 126,131 - 246,-,251 - 256,261 - 316,-,-,321 - 336,341 - 366,111 - 126,131 - 246,-,251 - 256,261 - 316,-,-,321 - 336,341 - 366,Zimbabwe,Batter
249,T Shamsi,-,-,-,111 - 366,-,-,-,-,-,-,-,-,111 - 366,-,-,-,-,-,-,-,-,-,-,-,-,111 - 236,241 - 366,-,-,-,111 - 366,-,-,-,-,-,-,-,-,111 - 366,-,-,-,-,-,111 - 325,326 - 366,-,-,-,-,-,-,-,South Africa,Bowler
250,T Stubbs,-,-,-,-,-,-,-,-,111 - 366,111 - 131,132 - 263,264 - 312,-,313 - 322,-,323 - 356,361 - 366,-,111 - 135,136 - 236,241 - 252,-,253 - 316,-,321 - 332,333 - 351,352 - 366,-,-,-,-,-,-,-,-,111 - 366,-,111 - 223,224 - 236,-,241 - 266,-,311 - 366,-,-,111 - 135,136 - 236,241 - 252,-,253 - 316,-,321 - 332,333 - 351,352 - 366,South Africa,Batter
251,TA Boult,-,111 - 366,-,-,-,-,-,-,-,-,111 - 366,-,-,-,-,-,-,-,-,111 - 366,-,-,-,-,-,-,-,-,111 - 366,-,-,-,-,-,-,-,-,111 - 366,-,-,-,-,-,-,-,-,111 - 366,-,-,-,-,-,-,-,New Zealand,Bowler
252,Taskin Ahmed,111 - 222,223 - 366,-,-,-,-,-,-,-,111 - 222,223 - 366,-,-,-,-,-,-,-,111 - 211,212 - 314,315 - 324,325 - 335,-,-,336 - 356,361 - 366,-,111 - 335,336 - 361,362 - 366,-,-,-,-,-,-,111 - 335,336 - 361,362 - 366,-,-,-,-,-,-,111 - 325,-,-,-,-,-,-,-,326 - 366,Bangladesh,Bowler
253,TG Southee,-,-,-,-,-,-,-,111 - 366,-,-,-,-,-,-,-,-,111 - 366,-,-,-,-,-,-,-,-,111 - 366,-,-,-,-,-,-,-,-,111 - 366,-,-,-,-,-,-,-,-,111 - 366,-,-,-,-,-,-,-,-,111 - 366,-,New Zealand,Bowler
254,TH David,-,111 - 266,-,-,-,-,-,-,311 - 366,111 - 164,165 - 254,255 - 265,-,266 - 332,-,333 - 343,344 - 355,356 - 366,111 - 121,122 - 215,216 - 232,-,233 - 241,-,242 - 321,322 - 361,362 - 366,-,111 - 266,-,-,-,-,-,-,311 - 366,111 - 242,243 - 366,-,-,-,-,-,-,-,-,-,-,-,-,-,-,-,111 - 366,Australia,Batter
255,TL Chatara,-,111 - 351,352 - 366,-,-,-,-,-,-,-,111 - 351,352 - 366,-,-,-,-,-,-,-,111 - 351,352 - 366,-,-,-,-,-,-,-,111 - 351,352 - 366,-,-,-,-,-,-,-,111 - 351,352 - 366,-,-,-,-,-,-,-,111 - 351,352 - 366,-,-,-,-,-,-,Zimbabwe,Bowler
256,TL Seifert,111 - 366,-,-,-,-,-,-,-,-,111 - 251,252 - 343,344 - 362,-,363 - 366,-,-,-,-,111 - 223,224 - 323,324 - 331,-,332 - 353,-,-,-,354 - 366,111 - 366,-,-,-,-,-,-,-,-,111 - 133,134 - 313,314 - 325,-,326 - 354,-,-,-,355 - 366,111 - 223,224 - 323,324 - 331,-,332 - 353,-,-,-,354 - 366,New Zealand,WK Batter
257,TM Head,111 - 112,113 - 156,161 - 214,215 - 231,232 - 316,-,321 - 334,335 - 352,353 - 366,111 - 112,113 - 156,161 - 214,215 - 231,232 - 316,-,321 - 334,335 - 352,353 - 366,111 - 112,113 - 156,161 - 214,215 - 231,232 - 316,-,321 - 334,335 - 352,353 - 366,111 - 112,113 - 156,161 - 214,215 - 231,232 - 316,-,321 - 334,335 - 352,353 - 366,111 - 112,113 - 156,161 - 214,215 - 231,232 - 316,-,321 - 334,335 - 352,353 - 366,111 - 112,113 - 156,161 - 214,215 - 231,232 - 316,-,321 - 334,335 - 352,353 - 366,Australia,Batter
258,TS Mills,111 - 366,-,-,-,-,-,-,-,-,111 - 366,-,-,-,-,-,-,-,-,-,111 - 236,-,-,-,-,-,241 - 366,-,111 - 315,316 - 342,-,-,-,-,343 - 366,-,-,111 - 315,316 - 342,-,-,-,-,343 - 366,-,-,-,111 - 236,-,-,-,-,-,241 - 366,-,England,Bowler
259,Usman Ghani,111 - 261,262 - 333,334 - 336,-,341 - 343,-,-,344 - 363,364 - 366,111 - 242,243 - 332,333 - 335,-,336 - 353,-,354 - 354,355 - 363,364 - 366,111 - 242,243 - 332,333 - 335,-,336 - 353,-,354 - 354,355 - 363,364 - 366,111 - 242,243 - 332,333 - 343,-,344 - 355,-,356 - 366,-,-,111 - 154,155 - 322,323 - 331,-,332 - 345,-,346 - 361,-,362 - 366,111 - 154,155 - 322,323 - 331,-,332 - 345,-,346 - 361,-,362 - 366,Afghanistan,Batter
260,Usman Qadir,111 - 141,142 - 244,245 - 262,-,263 - 334,-,335 - 352,-,353 - 366,111 - 141,142 - 244,245 - 262,-,263 - 334,-,335 - 352,-,353 - 366,111 - 141,142 - 244,245 - 262,-,263 - 334,-,335 - 352,-,353 - 366,-,111 - 236,-,-,-,-,-,-,241 - 366,-,111 - 236,-,-,-,-,-,-,241 - 366,-,111 - 236,-,-,-,-,-,-,241 - 366,Pakistan,Bowler
261,UT Yadav,111 - 133,134 - 212,213 - 232,-,233 - 311,-,-,312 - 366,-,111 - 133,134 - 212,213 - 232,-,233 - 311,-,-,312 - 366,-,111 - 145,146 - 255,-,-,-,-,-,256 - 366,-,-,111 - 366,-,-,-,-,-,-,-,-,111 - 366,-,-,-,-,-,-,-,111 - 145,146 - 255,-,-,-,-,-,256 - 366,-,India,Bowler
262,V Kohli,111 - 224,225 - 316,321 - 326,-,331 - 345,-,346 - 354,355 - 361,362 - 366,111 - 165,166 - 314,315 - 323,-,324 - 351,-,352 - 353,354 - 364,365 - 366,111 - 151,152 - 232,233 - 262,-,263 - 333,-,334 - 346,351 - 356,361 - 366,111 - 235,236 - 335,-,-,336 - 362,-,-,-,363 - 366,111 - 125,126 - 324,325 - 334,-,335 - 345,-,346 - 354,355 - 362,363 - 366,111 - 151,152 - 232,233 - 262,-,263 - 333,-,334 - 346,351 - 356,361 - 366,India,Batter
263,VM Nyauchi,111 - 234,235 - 322,-,-,-,-,-,323 - 366,-,111 - 234,235 - 322,-,-,-,-,-,323 - 366,-,111 - 234,235 - 322,-,-,-,-,-,323 - 366,-,111 - 234,235 - 322,-,-,-,-,-,323 - 366,-,111 - 234,235 - 322,-,-,-,-,-,323 - 366,-,111 - 234,235 - 322,-,-,-,-,-,323 - 366,-,Zimbabwe,Bowler
264,VR Iyer,111 - 145,146 - 266,-,-,311 - 345,-,-,346 - 355,356 - 366,111 - 145,146 - 266,-,-,311 - 345,-,-,346 - 355,356 - 366,111 - 122,123 - 223,224 - 233,234 - 236,241 - 266,-,311 - 323,324 - 356,361 - 366,111 - 133,134 - 325,-,-,326 - 354,-,355 - 366,-,-,111 - 133,134 - 325,-,-,326 - 354,-,355 - 366,-,-,-,111 - 236,-,-,-,-,241 - 366,-,-,India,Allrounder
265,W Madhevere,111 - 163,164 - 311,312 - 321,-,322 - 345,-,-,346 - 363,364 - 366,111 - 125,126 - 323,-,-,324 - 351,-,-,352 - 366,-,-,111 - 231,-,-,232 - 334,-,-,335 - 366,-,111 - 163,164 - 246,-,-,251 - 333,-,-,334 - 344,345 - 366,111 - 115,116 - 261,262 - 315,-,316 - 343,-,-,344 - 352,353 - 366,-,111 - 231,-,-,232 - 334,-,-,335 - 366,-,Zimbabwe,Allrounder
266,WD Parnell,111 - 366,-,-,-,-,-,-,-,-,-,111 - 352,-,-,353 - 366,-,-,-,-,111 - 234,235 - 346,-,-,351 - 356,-,-,-,361 - 366,111 - 366,-,-,-,-,-,-,-,-,111 - 342,343 - 361,362 - 362,-,363 - 363,-,-,364 - 365,366 - 366,111 - 234,235 - 346,-,-,351 - 356,-,-,-,361 - 366,South Africa,Bowler
267,WG Jacks,111 - 212,213 - 241,-,-,242 - 353,-,-,-,354 - 366,-,111 - 166,-,-,211 - 366,-,-,-,-,-,111 - 166,-,-,211 - 366,-,-,-,-,111 - 255,256 - 332,-,-,333 - 366,-,-,-,-,-,111 - 332,-,-,-,-,-,-,333 - 366,-,111 - 332,-,-,-,-,-,-,333 - 366,England,Batter
268,WIA Fernando,111 - 242,243 - 263,-,-,264 - 324,-,325 - 334,-,335 - 366,-,111 - 236,241 - 323,-,-,-,-,-,324 - 366,-,111 - 236,241 - 323,-,-,-,-,-,324 - 366,111 - 242,243 - 263,-,-,264 - 324,-,325 - 334,-,335 - 366,111 - 223,224 - 334,335 - 343,-,-,-,-,-,344 - 366,111 - 223,224 - 334,335 - 343,-,-,-,-,-,344 - 366,Sri Lanka,Batter
269,WP Masakadza,111 - 216,221 - 263,-,-,264 - 324,-,-,325 - 345,346 - 366,111 - 216,221 - 263,-,-,264 - 324,-,-,325 - 345,346 - 366,111 - 216,221 - 263,-,-,264 - 324,-,-,325 - 345,346 - 366,111 - 216,221 - 263,-,-,264 - 324,-,-,325 - 345,346 - 366,111 - 216,221 - 263,-,-,264 - 324,-,-,325 - 345,346 - 366,111 - 216,221 - 263,-,-,264 - 324,-,-,325 - 345,346 - 366,Zimbabwe,Bowler
270,Y Cariah,-,111 - 236,-,-,-,-,-,-,241 - 366,-,111 - 236,-,-,-,-,-,-,241 - 366,-,111 - 236,-,-,-,-,-,-,241 - 366,-,111 - 236,-,-,-,-,-,-,241 - 366,-,111 - 236,-,-,-,-,-,-,241 - 366,-,111 - 236,-,-,-,-,-,-,241 - 366,West Indies,Bowler
271,Yasir Ali Chowdhury,111 - 125,126 - 314,-,-,315 - 342,-,-,343 - 366,-,111 - 125,126 - 314,-,-,315 - 342,-,-,343 - 366,-,111 - 125,126 - 314,-,-,315 - 342,-,-,343 - 366,-,111 - 125,126 - 314,-,-,315 - 342,-,-,343 - 366,-,111 - 125,126 - 314,-,-,315 - 342,-,-,343 - 366,-,111 - 125,126 - 314,-,-,315 - 342,-,-,343 - 366,-,Bangladesh,Batter
