,name,team,innings,ballsfaced,batting_sr,batting_avg,PaPP0,PaPPW,PaPP6,PaPP4,PaPP1,PaPPE,PaPP2,PaPP3,PaPP5,PaMO0,PaMOW,PaMO6,PaMO4,PaMO1,PaMOE,PaMO2,PaMO3,PaMO5,PaDO0,PaDOW,PaDO6,PaDO4,PaDO1,PaDOE,PaDO2,PaDO3,PaDO5,SpPP0,SpPPW,SpPP6,SpPP4,SpPP1,SpPPE,SpPP2,SpPP3,SpPP5,SpMO0,SpMOW,SpMO6,SpMO4,SpMO1,SpMOE,SpMO2,SpMO3,SpMO5,SpDO0,SpDOW,SpDO6,SpDO4,SpDO1,SpDOE,SpDO2,SpDO3,SpDO5,type
0,A Lyth,Northern Superchargers,8,170,175.88,37.38,411 - 432,433 - 434,435 - 515,516 - 553,554 - 642,643 - 652,653 - 666,-,-,411 - 414,415 - 434,435 - 463,464 - 516,521 - 621,622 - 641,642 - 666,-,-,411 - 414,-,-,-,-,-,-,-,-,411 - 521,522 - 523,524 - 525,526 - 552,553 - 643,644 - 652,653 - 666,-,-,411 - 522,523 - 532,-,533 - 542,543 - 646,651 - 653,654 - 666,-,-,411 - 414,-,-,-,-,-,-,-,-,Batter
1,A Zampa,Welsh Fire,3,24,108.33,26.0,411 - 462,463 - 543,-,-,544 - 625,-,626 - 666,-,-,411 - 462,463 - 543,-,-,544 - 625,-,626 - 666,-,-,411 - 563,-,-,564 - 624,625 - 653,654 - 661,662 - 666,-,-,411 - 462,463 - 543,-,-,544 - 625,-,626 - 666,-,-,411 - 462,463 - 543,-,-,544 - 625,-,626 - 666,-,-,411 - 444,-,-,-,445 - 632,-,633 - 666,-,-,Bowler OS
2,AD Hales,Trent Rockets,9,169,153.25,25.9,411 - 462,463 - 465,466 - 521,522 - 556,561 - 651,652 - 663,664 - 666,-,-,411 - 425,426 - 436,441 - 444,445 - 514,515 - 644,645 - 655,656 - 666,-,-,-,411 - 433,-,434 - 461,462 - 615,616 - 643,644 - 666,-,-,411 - 422,423 - 443,-,444 - 512,513 - 632,633 - 636,641 - 666,-,-,411 - 452,453 - 462,463 - 525,526 - 535,536 - 666,-,-,-,-,-,411 - 433,-,434 - 461,462 - 615,616 - 643,644 - 666,-,-,Batter
3,AD Russell,Manchester Originals,6,87,170.11,37.0,411 - 521,522 - 531,532 - 546,551 - 565,566 - 644,645 - 651,652 - 666,-,-,411 - 521,522 - 531,532 - 546,551 - 565,566 - 644,645 - 651,652 - 666,-,-,411 - 426,-,431 - 516,521 - 552,553 - 643,644 - 652,653 - 666,-,-,411 - 541,542 - 546,551 - 555,-,556 - 652,653 - 666,-,-,-,411 - 541,542 - 546,551 - 555,-,556 - 652,653 - 666,-,-,-,-,-,-,411 - 466,511 - 566,611 - 666,-,-,-,Allrounder OS
4,AJ Hose,Northern Superchargers,7,114,158.77,30.17,-,-,-,-,411 - 666,-,-,-,-,411 - 433,-,434 - 444,445 - 511,512 - 643,644 - 645,646 - 666,-,-,411 - 465,466 - 521,522 - 536,541 - 615,616 - 654,655 - 666,-,-,-,-,-,-,-,411 - 666,-,-,-,-,411 - 424,425 - 434,435 - 441,442 - 461,462 - 643,644 - 646,651 - 663,664 - 666,-,411 - 463,464 - 625,-,626 - 666,-,-,-,-,-,Batter
5,AJ Turner,Manchester Originals,4,43,174.42,75.0,-,-,-,-,411 - 666,-,-,-,-,-,-,-,411 - 433,434 - 643,-,644 - 666,-,-,411 - 441,-,442 - 451,452 - 531,532 - 621,622 - 631,632 - 666,-,-,-,-,-,-,411 - 666,-,-,-,-,411 - 433,434 - 444,445 - 455,456 - 516,521 - 634,-,635 - 666,-,-,411 - 441,-,442 - 451,452 - 531,532 - 621,622 - 631,632 - 666,-,-,Allrounder OS
6,AL Davies,Southern Brave,7,128,117.97,21.57,411 - 451,452 - 464,-,465 - 531,532 - 656,661 - 663,664 - 666,-,-,411 - 426,431 - 436,-,441 - 446,451 - 623,624 - 643,644 - 666,-,-,-,-,-,-,411 - 666,-,-,-,-,411 - 615,-,616 - 622,623 - 635,636 - 663,664 - 666,-,-,-,411 - 442,443 - 452,453 - 455,456 - 465,466 - 621,622 - 631,632 - 666,-,-,-,-,411 - 466,-,511 - 566,-,611 - 666,-,-,Wicketkeeper
7,AM Rossington,London Spirit,9,92,178.26,18.22,411 - 446,451 - 466,511 - 526,531 - 613,614 - 652,653 - 654,655 - 664,665 - 666,-,411 - 412,413 - 433,-,-,434 - 645,-,646 - 666,-,-,411 - 412,-,-,-,-,-,-,-,-,411 - 424,-,425 - 514,515 - 526,531 - 643,644 - 655,656 - 666,-,-,411 - 426,431 - 461,462 - 515,-,516 - 652,653 - 666,-,-,-,411 - 412,-,-,-,-,-,-,-,-,Wicketkeeper
8,AU Rashid,Northern Superchargers,1,2,0.0,0.0,411 - 641,642 - 666,-,-,-,-,-,-,-,411 - 641,642 - 666,-,-,-,-,-,-,-,411 - 641,642 - 666,-,-,-,-,-,-,-,411 - 641,642 - 666,-,-,-,-,-,-,-,411 - 641,642 - 666,-,-,-,-,-,-,-,411 - 641,642 - 666,-,-,-,-,-,-,-,Bowler
9,BA Raine,Northern Superchargers,3,9,-,-,411 - 414,-,-,415 - 453,454 - 611,612 - 646,651 - 666,-,-,411 - 414,-,-,415 - 453,454 - 611,612 - 646,651 - 666,-,-,411 - 414,-,-,415 - 453,454 - 611,612 - 646,651 - 666,-,-,411 - 414,-,-,415 - 453,454 - 611,612 - 646,651 - 666,-,-,411 - 414,-,-,415 - 453,454 - 611,612 - 646,651 - 666,-,-,411 - 414,-,-,415 - 453,454 - 611,612 - 646,651 - 666,-,-,Bowler
10,BAC Howell,Birmingham Phoenix,6,50,126.0,15.75,411 - 432,433 - 445,-,446 - 462,463 - 635,-,636 - 653,654 - 666,-,411 - 432,433 - 445,-,446 - 462,463 - 635,-,636 - 653,654 - 666,-,411 - 412,413 - 426,431 - 435,436 - 444,445 - 562,563 - 625,626 - 661,662 - 666,-,411 - 536,541 - 546,-,551 - 566,611 - 656,-,661 - 666,-,-,411 - 536,541 - 546,-,551 - 566,611 - 656,-,661 - 666,-,-,-,-,-,-,411 - 666,-,-,-,-,Allrounder
11,BJ Dwarshuis,Birmingham Phoenix,1,2,0.0,0.0,411 - 626,631 - 666,-,-,-,-,-,-,-,411 - 626,631 - 666,-,-,-,-,-,-,-,411 - 626,631 - 666,-,-,-,-,-,-,-,411 - 626,631 - 666,-,-,-,-,-,-,-,411 - 626,631 - 666,-,-,-,-,-,-,-,411 - 626,631 - 666,-,-,-,-,-,-,-,Bowler OS
12,BL D'Oliveira,Birmingham Phoenix,2,22,45.45,5.0,411 - 666,-,-,-,-,-,-,-,-,411 - 632,633 - 642,-,-,643 - 666,-,-,-,-,411 - 632,-,-,-,-,-,-,-,-,411 - 666,-,-,-,-,-,-,-,-,411 - 613,614 - 623,-,-,624 - 661,-,662 - 666,-,-,411 - 632,-,-,-,-,-,-,-,-,Allrounder
13,BM Duckett,Welsh Fire,8,162,135.8,31.43,411 - 524,525 - 532,533 - 536,541 - 611,612 - 654,-,655 - 662,663 - 666,-,411 - 446,451 - 454,455 - 462,463 - 521,522 - 643,644 - 653,654 - 666,-,-,411 - 461,462 - 511,-,512 - 535,536 - 641,-,642 - 666,-,-,411 - 532,-,-,-,533 - 631,632 - 651,652 - 666,-,-,411 - 425,426 - 434,435 - 442,443 - 465,466 - 636,641 - 645,646 - 666,-,-,411 - 461,462 - 511,-,512 - 535,536 - 641,-,642 - 666,-,-,Batter
14,BR McDermott,London Spirit,5,118,133.05,31.4,411 - 545,-,546 - 554,555 - 612,613 - 661,662 - 666,-,-,-,411 - 456,461 - 462,463 - 464,465 - 532,533 - 635,636 - 646,651 - 666,-,-,411 - 456,-,-,-,-,-,-,-,-,411 - 523,524 - 532,533 - 541,542 - 546,551 - 644,645 - 661,662 - 666,-,-,-,411 - 422,423 - 434,435 - 444,445 - 632,633 - 651,652 - 666,-,-,411 - 456,-,-,-,-,-,-,-,-,Wicketkeeper OS
15,C Munro,Trent Rockets,8,122,168.85,41.2,411 - 425,426 - 436,-,441 - 524,525 - 655,-,656 - 666,-,-,411 - 444,-,445 - 454,455 - 515,516 - 645,646 - 655,656 - 666,-,-,411 - 422,423 - 435,436 - 443,444 - 512,513 - 645,646 - 653,654 - 666,-,-,411 - 512,-,513 - 532,533 - 613,614 - 641,642 - 653,654 - 666,-,-,411 - 412,413 - 434,435 - 456,461 - 522,523 - 655,656 - 666,-,-,-,411 - 416,-,421 - 443,444 - 465,466 - 554,555 - 643,644 - 666,-,-,Batter OS
16,CG Benjamin,Birmingham Phoenix,7,70,94.29,9.43,411 - 555,556 - 561,-,562 - 623,624 - 645,646 - 653,654 - 664,665 - 666,-,411 - 432,433 - 516,521 - 533,-,534 - 635,636 - 666,-,-,-,411 - 563,564 - 624,-,-,625 - 666,-,-,-,-,411 - 615,616 - 633,-,-,634 - 666,-,-,-,-,411 - 526,531 - 536,541 - 546,-,551 - 636,641 - 656,661 - 666,-,-,411 - 563,564 - 624,-,-,625 - 666,-,-,-,-,Wicketkeeper
17,CJ Jordan,Southern Brave,2,12,183.33,22.0,-,-,411 - 436,-,441 - 666,-,-,-,-,-,-,411 - 436,-,441 - 666,-,-,-,-,-,411 - 436,-,441 - 536,541 - 666,-,-,-,-,-,-,411 - 436,-,441 - 666,-,-,-,-,-,-,411 - 436,-,441 - 666,-,-,-,-,-,411 - 436,-,441 - 536,541 - 666,-,-,-,-,Bowler
18,CN Ackermann,Manchester Originals,1,2,-,-,-,-,-,-,411 - 536,-,541 - 666,-,-,-,-,-,-,411 - 536,-,541 - 666,-,-,-,-,-,-,411 - 536,-,541 - 666,-,-,-,-,-,-,411 - 536,-,541 - 666,-,-,-,-,-,-,411 - 536,-,541 - 666,-,-,-,-,-,-,411 - 536,-,541 - 666,-,-,Allrounder
19,CN Miles,Northern Superchargers,1,2,-,-,411 - 641,-,-,-,642 - 666,-,-,-,-,411 - 641,-,-,-,642 - 666,-,-,-,-,411 - 641,-,-,-,642 - 666,-,-,-,-,411 - 641,-,-,-,642 - 666,-,-,-,-,411 - 641,-,-,-,642 - 666,-,-,-,-,411 - 641,-,-,-,642 - 666,-,-,-,-,Bowler
20,CP Wood,London Spirit,1,1,0.0,0.0,-,411 - 666,-,-,-,-,-,-,-,-,411 - 666,-,-,-,-,-,-,-,-,411 - 666,-,-,-,-,-,-,-,-,411 - 666,-,-,-,-,-,-,-,-,411 - 666,-,-,-,-,-,-,-,-,411 - 666,-,-,-,-,-,-,-,Bowler
21,D Moriarty,Southern Brave,1,3,33.33,1.0,-,-,-,-,411 - 666,-,-,-,-,-,-,-,-,411 - 666,-,-,-,-,411 - 633,634 - 666,-,-,-,-,-,-,-,-,-,-,-,411 - 666,-,-,-,-,-,-,-,-,411 - 666,-,-,-,-,411 - 633,634 - 666,-,-,-,-,-,-,-,Bowler
22,D Pretorius,Welsh Fire,4,40,177.5,23.67,411 - 633,-,-,-,-,-,-,-,-,411 - 465,-,466 - 541,-,542 - 645,646 - 655,656 - 666,-,-,411 - 444,445 - 515,516 - 533,534 - 621,622 - 652,653 - 666,-,-,-,411 - 633,-,-,-,-,-,-,-,-,411 - 424,-,425 - 441,442 - 511,512 - 653,654 - 666,-,-,-,-,411 - 536,-,541 - 666,-,-,-,-,-,Allrounder OS
23,D Wiese,Northern Superchargers,7,80,187.5,25.0,411 - 464,-,465 - 525,526 - 533,534 - 624,625 - 653,654 - 666,-,-,411 - 464,-,465 - 525,526 - 533,534 - 624,625 - 653,654 - 666,-,-,-,411 - 431,432 - 513,514 - 541,542 - 613,614 - 652,653 - 666,-,-,411 - 445,-,446 - 462,-,463 - 661,662 - 666,-,-,-,411 - 445,-,446 - 462,-,463 - 661,662 - 666,-,-,-,411 - 453,454 - 532,533 - 552,-,553 - 631,632 - 651,652 - 666,-,-,Allrounder
24,DA Miller,Welsh Fire,7,80,91.25,12.17,411 - 565,-,-,566 - 614,615 - 661,-,662 - 666,-,-,411 - 525,526 - 546,-,-,551 - 635,-,636 - 666,-,-,411 - 526,-,-,-,531 - 641,-,642 - 666,-,-,411 - 565,-,-,566 - 614,615 - 661,-,662 - 666,-,-,411 - 456,461 - 511,512 - 522,523 - 526,531 - 666,-,-,-,-,411 - 526,-,-,-,531 - 641,-,642 - 666,-,-,Batter OS
25,DA Payne,Welsh Fire,3,9,111.11,5.0,411 - 554,-,555 - 621,-,622 - 666,-,-,-,-,411 - 554,-,555 - 621,-,622 - 666,-,-,-,-,-,411 - 536,-,-,541 - 666,-,-,-,-,411 - 554,-,555 - 621,-,622 - 666,-,-,-,-,411 - 554,-,555 - 621,-,622 - 666,-,-,-,-,-,411 - 536,-,-,541 - 666,-,-,-,-,Bowler
26,DJ Bell-Drummond,London Spirit,4,68,142.65,19.4,411 - 444,445 - 455,456 - 466,511 - 525,526 - 636,641 - 644,645 - 666,-,-,411 - 545,-,546 - 554,555 - 626,631 - 644,-,645 - 666,-,-,-,411 - 466,-,-,511 - 666,-,-,-,-,-,411 - 436,-,441 - 466,511 - 636,-,641 - 666,-,-,411 - 434,435 - 452,-,453 - 466,511 - 652,-,653 - 666,-,-,-,411 - 466,-,-,511 - 666,-,-,-,-,Batter
27,DJ Bravo,Northern Superchargers,4,25,108.0,13.5,-,411 - 424,-,425 - 513,514 - 634,635 - 652,653 - 666,-,-,411 - 523,524 - 533,-,-,534 - 635,636 - 656,661 - 666,-,-,411 - 523,524 - 533,-,-,534 - 635,636 - 656,661 - 666,-,-,-,411 - 424,-,425 - 513,514 - 634,635 - 652,653 - 666,-,-,411 - 523,524 - 533,-,-,534 - 635,636 - 656,661 - 666,-,-,411 - 523,524 - 533,-,-,534 - 635,636 - 656,661 - 666,-,-,Allrounder OS
28,DJ Malan,Trent Rockets,8,224,168.3,62.83,411 - 464,-,465 - 513,514 - 541,542 - 653,-,654 - 662,663 - 666,-,411 - 426,431 - 433,434 - 451,452 - 462,463 - 622,623 - 646,651 - 666,-,-,411 - 411,-,412 - 425,426 - 532,533 - 652,653 - 666,-,-,-,411 - 423,424 - 436,441 - 462,463 - 536,541 - 653,-,654 - 666,-,-,411 - 411,412 - 415,416 - 441,442 - 455,456 - 625,626 - 635,636 - 666,-,-,-,-,-,-,411 - 666,-,-,-,-,Batter
29,DJ Willey,Northern Superchargers,6,83,108.43,18.0,411 - 531,-,532 - 542,543 - 563,564 - 645,646 - 666,-,-,-,411 - 445,446 - 453,454 - 466,511 - 514,515 - 623,624 - 636,641 - 666,-,-,411 - 666,-,-,-,-,-,-,-,-,411 - 615,-,-,616 - 633,634 - 664,-,665 - 666,-,-,411 - 445,446 - 524,-,-,525 - 615,616 - 643,644 - 666,-,-,411 - 633,634 - 666,-,-,-,-,-,-,-,Allrounder
30,DR Briggs,Oval Invincibles,3,15,213.33,32.0,411 - 633,-,-,-,-,-,-,-,-,411 - 633,-,-,-,-,-,-,-,-,-,411 - 421,422 - 432,433 - 521,522 - 621,622 - 643,644 - 666,-,-,411 - 633,-,-,-,-,-,-,-,-,411 - 633,-,-,-,-,-,-,-,-,-,-,-,-,411 - 666,-,-,-,-,Bowler
31,DR Mousley,Birmingham Phoenix,2,6,66.67,2.0,-,-,-,-,411 - 666,-,-,-,-,-,-,-,-,411 - 666,-,-,-,-,-,-,-,-,411 - 666,-,-,-,-,411 - 442,443 - 554,-,-,555 - 632,-,633 - 666,-,-,411 - 442,443 - 554,-,-,555 - 632,-,633 - 666,-,-,411 - 442,443 - 554,-,-,555 - 632,-,633 - 666,-,-,Allrounder
32,DR Sams,Trent Rockets,5,55,190.91,35.0,411 - 413,-,414 - 435,436 - 512,513 - 633,634 - 666,-,-,-,411 - 413,-,414 - 435,436 - 512,513 - 633,634 - 666,-,-,-,411 - 442,443 - 453,454 - 516,521 - 543,544 - 625,626 - 636,641 - 666,-,-,411 - 465,-,-,466 - 522,523 - 666,-,-,-,-,411 - 465,-,-,466 - 522,523 - 666,-,-,-,-,-,411 - 536,541 - 666,-,-,-,-,-,-,Bowler OS
33,DW Lawrence,London Spirit,7,102,125.49,18.29,-,-,-,-,411 - 623,624 - 666,-,-,-,411 - 454,455 - 461,-,462 - 511,512 - 632,633 - 642,643 - 666,-,-,-,411 - 444,445 - 463,464 - 522,523 - 555,-,556 - 666,-,-,-,-,-,-,411 - 666,-,-,-,-,411 - 464,465 - 514,515 - 526,531 - 534,535 - 652,653 - 654,655 - 666,-,-,-,411 - 444,-,445 - 522,523 - 666,-,-,-,-,Batter
34,EJG Morgan,London Spirit,9,94,137.23,21.5,411 - 525,526 - 534,535 - 545,546 - 566,611 - 655,656 - 663,664 - 666,-,-,411 - 525,526 - 534,535 - 545,546 - 566,611 - 655,656 - 663,664 - 666,-,-,411 - 432,433 - 456,-,461 - 524,525 - 615,616 - 666,-,-,-,411 - 521,522 - 525,526 - 542,543 - 544,545 - 651,652 - 655,656 - 666,-,-,411 - 521,522 - 525,526 - 542,543 - 544,545 - 651,652 - 655,656 - 666,-,-,411 - 432,433 - 456,-,461 - 524,525 - 615,616 - 666,-,-,-,Batter
35,F du Plessis,Northern Superchargers,8,98,135.71,16.62,411 - 526,531 - 551,552 - 556,561 - 565,566 - 654,655 - 666,-,-,-,411 - 453,-,-,454 - 533,534 - 642,-,643 - 666,-,-,-,411 - 466,-,-,-,511 - 666,-,-,-,411 - 424,425 - 434,435 - 444,445 - 513,514 - 651,-,652 - 666,-,-,411 - 452,453 - 456,461 - 524,525 - 544,545 - 662,-,663 - 666,-,-,-,411 - 466,-,-,-,511 - 666,-,-,-,Batter OS
36,FJ Klaassen,Manchester Originals,1,5,40.0,2.0,-,-,-,-,411 - 536,541 - 666,-,-,-,-,-,-,-,411 - 536,541 - 666,-,-,-,411 - 666,-,-,-,-,-,-,-,-,-,-,-,-,411 - 536,541 - 666,-,-,-,-,-,-,-,411 - 536,541 - 666,-,-,-,-,-,-,-,411 - 666,-,-,-,-,Bowler
37,GHS Garton,Southern Brave,3,17,170.59,14.5,411 - 412,413 - 454,-,455 - 515,516 - 645,-,646 - 666,-,-,411 - 412,413 - 454,-,455 - 515,516 - 645,-,646 - 666,-,-,-,-,-,-,-,411 - 666,-,-,-,411 - 512,-,513 - 534,535 - 644,645 - 666,-,-,-,-,411 - 512,-,513 - 534,535 - 644,645 - 666,-,-,-,-,-,-,-,-,-,411 - 666,-,-,-,Allrounder
38,GJ Maxwell,London Spirit,4,77,150.65,38.67,411 - 516,-,521 - 523,524 - 553,554 - 641,642 - 663,664 - 666,-,-,411 - 532,533 - 536,541 - 544,545 - 614,615 - 662,-,663 - 666,-,-,-,-,-,411 - 666,-,-,-,-,-,411 - 445,-,-,446 - 533,534 - 621,622 - 643,644 - 666,-,-,411 - 446,451 - 466,511 - 516,521 - 546,551 - 646,-,651 - 666,-,-,-,-,-,411 - 666,-,-,-,-,-,Allrounder OS
39,GL van Buuren,Birmingham Phoenix,1,2,-,-,-,-,-,-,411 - 536,541 - 666,-,-,-,-,-,-,-,411 - 536,541 - 666,-,-,-,-,-,-,-,411 - 536,541 - 666,-,-,-,-,-,-,-,411 - 536,541 - 666,-,-,-,-,-,-,-,411 - 536,541 - 666,-,-,-,-,-,-,-,411 - 536,541 - 666,-,-,-,Allrounder
40,GLS Scrimshaw,Welsh Fire,1,3,-,-,-,-,-,411 - 466,511 - 566,611 - 666,-,-,-,-,-,-,411 - 466,511 - 566,611 - 666,-,-,-,-,-,-,411 - 466,511 - 566,611 - 666,-,-,-,-,-,-,411 - 466,511 - 566,611 - 666,-,-,-,-,-,-,411 - 466,511 - 566,611 - 666,-,-,-,-,-,-,411 - 466,511 - 566,611 - 666,-,-,-,Bowler
41,HC Brook,Northern Superchargers,6,60,141.67,21.25,411 - 435,436 - 462,463 - 511,512 - 516,521 - 634,635 - 652,653 - 666,-,-,411 - 435,436 - 462,463 - 511,512 - 516,521 - 634,635 - 652,653 - 666,-,-,-,-,-,-,411 - 666,-,-,-,-,-,411 - 414,415 - 422,423 - 433,434 - 655,-,656 - 666,-,-,-,411 - 414,415 - 422,423 - 433,434 - 655,-,656 - 666,-,-,-,-,411 - 466,-,511 - 536,-,541 - 666,-,-,Batter
42,HJH Brookes,Birmingham Phoenix,3,6,66.67,4.0,-,-,-,-,411 - 666,-,-,-,-,-,-,-,-,411 - 666,-,-,-,-,-,411 - 453,-,-,454 - 623,624 - 666,-,-,-,411 - 626,-,-,-,631 - 666,-,-,-,-,411 - 626,-,-,-,631 - 666,-,-,-,-,-,411 - 453,-,-,454 - 623,624 - 666,-,-,-,Bowler
43,HWR Cartwright,Oval Invincibles,4,47,131.91,20.67,411 - 416,-,-,421 - 462,463 - 666,-,-,-,-,411 - 435,-,436 - 453,454 - 525,526 - 652,-,653 - 666,-,-,-,411 - 453,-,-,454 - 666,-,-,-,-,-,-,-,-,411 - 666,-,-,-,-,411 - 443,444 - 452,453 - 461,462 - 466,511 - 632,633 - 636,641 - 666,-,-,-,411 - 536,-,-,541 - 666,-,-,-,-,Batter
44,IA Cockbain,Trent Rockets,2,24,108.33,26.0,-,-,-,-,411 - 666,-,-,-,-,411 - 462,463 - 543,-,-,544 - 666,-,-,-,-,-,-,-,411 - 666,-,-,-,-,-,-,-,-,-,411 - 666,-,-,-,-,411 - 566,-,-,-,611 - 655,656 - 666,-,-,-,411 - 424,-,-,425 - 521,522 - 642,-,643 - 666,-,-,Batter
45,IS Sodhi,Welsh Fire,2,4,50.0,2.0,411 - 424,-,-,-,-,-,-,-,-,411 - 424,-,-,-,-,-,-,-,-,411 - 511,512 - 551,-,-,552 - 666,-,-,-,-,411 - 424,-,-,-,-,-,-,-,-,411 - 424,-,-,-,-,-,-,-,-,411 - 511,512 - 551,-,-,552 - 666,-,-,-,-,Bowler OS
46,Imran Tahir,Birmingham Phoenix,1,1,-,-,-,-,411 - 666,-,-,-,-,-,-,-,-,411 - 666,-,-,-,-,-,-,-,-,411 - 666,-,-,-,-,-,-,-,-,411 - 666,-,-,-,-,-,-,-,-,411 - 666,-,-,-,-,-,-,-,-,411 - 666,-,-,-,-,-,-,Bowler OS
47,J Little,Manchester Originals,1,2,-,-,-,-,-,411 - 466,511 - 566,611 - 666,-,-,-,-,-,-,411 - 466,511 - 566,611 - 666,-,-,-,-,-,-,411 - 466,511 - 566,611 - 666,-,-,-,-,-,-,411 - 466,511 - 566,611 - 666,-,-,-,-,-,-,411 - 466,511 - 566,611 - 666,-,-,-,-,-,-,411 - 466,511 - 566,611 - 666,-,-,-,Bowler OS
48,JA Haynes,Oval Invincibles,1,2,100.0,2.0,-,411 - 536,-,-,-,-,541 - 666,-,-,-,411 - 536,-,-,-,-,541 - 666,-,-,-,411 - 536,-,-,-,-,541 - 666,-,-,-,411 - 536,-,-,-,-,541 - 666,-,-,-,411 - 536,-,-,-,-,541 - 666,-,-,-,411 - 536,-,-,-,-,541 - 666,-,-,Batter
49,JA Simpson,Northern Superchargers,4,37,83.78,7.75,411 - 531,-,-,-,532 - 666,-,-,-,-,411 - 523,524 - 533,-,534 - 543,544 - 641,642 - 651,652 - 666,-,-,-,411 - 466,-,-,511 - 566,-,611 - 666,-,-,411 - 531,-,-,-,532 - 666,-,-,-,-,411 - 456,461 - 525,-,526 - 542,543 - 666,-,-,-,-,-,-,-,-,411 - 666,-,-,-,-,Wicketkeeper
50,JA Thompson,London Spirit,8,39,120.51,7.83,411 - 422,-,-,423 - 515,516 - 666,-,-,-,-,411 - 422,-,-,423 - 515,516 - 666,-,-,-,-,411 - 423,424 - 453,454 - 461,462 - 466,511 - 623,624 - 653,654 - 666,-,-,411 - 515,516 - 533,534 - 551,-,552 - 666,-,-,-,-,411 - 515,516 - 533,534 - 551,-,552 - 666,-,-,-,-,-,411 - 666,-,-,-,-,-,-,-,Allrounder
51,JB Lintott,Southern Brave,3,21,-,-,411 - 443,-,-,-,444 - 651,-,652 - 666,-,-,411 - 443,-,-,-,444 - 651,-,652 - 666,-,-,411 - 511,-,-,-,512 - 646,-,651 - 666,-,-,411 - 526,-,-,531 - 616,621 - 666,-,-,-,-,411 - 526,-,-,531 - 616,621 - 666,-,-,-,-,411 - 511,-,-,-,512 - 646,-,651 - 666,-,-,Bowler
52,JC Buttler,Manchester Originals,5,134,151.49,40.6,411 - 452,453 - 454,-,455 - 544,545 - 644,645 - 653,654 - 666,-,-,411 - 413,-,414 - 431,432 - 446,451 - 622,623 - 636,641 - 666,-,-,-,411 - 536,-,-,541 - 666,-,-,-,-,411 - 542,-,543 - 546,551 - 554,555 - 636,-,641 - 666,-,-,-,411 - 426,431 - 446,-,451 - 642,643 - 654,655 - 666,-,-,411 - 533,-,534 - 621,-,622 - 666,-,-,-,-,Wicketkeeper
53,JE Root,Trent Rockets,1,26,-,-,411 - 533,-,-,-,-,-,-,-,-,-,-,-,-,411 - 666,-,-,-,-,-,-,-,-,411 - 636,641 - 666,-,-,-,411 - 533,-,-,-,-,-,-,-,-,-,-,411 - 423,424 - 436,441 - 636,-,641 - 666,-,-,-,-,-,-,411 - 636,641 - 666,-,-,-,Batter
54,JG Bethell,Welsh Fire,2,11,90.91,5.0,-,411 - 436,-,441 - 466,511 - 666,-,-,-,-,-,411 - 436,-,441 - 466,511 - 666,-,-,-,-,-,411 - 436,-,441 - 466,511 - 666,-,-,-,-,411 - 445,446 - 533,-,-,534 - 666,-,-,-,-,411 - 445,446 - 533,-,-,534 - 666,-,-,-,-,411 - 445,446 - 533,-,-,534 - 666,-,-,-,-,Batter
55,JJ Cobb,Welsh Fire,7,47,95.74,6.43,411 - 565,566 - 625,-,-,626 - 645,-,646 - 666,-,-,411 - 432,433 - 463,-,464 - 565,566 - 666,-,-,-,-,411 - 511,512 - 531,532 - 541,-,542 - 656,661 - 666,-,-,-,-,411 - 666,-,-,-,-,-,-,-,411 - 512,513 - 525,526 - 534,-,535 - 635,636 - 653,654 - 666,-,-,411 - 511,512 - 531,532 - 541,-,542 - 656,661 - 666,-,-,-,Allrounder
56,JJ Roy,Oval Invincibles,6,51,100.0,8.5,411 - 434,435 - 454,455 - 461,462 - 511,512 - 623,624 - 656,661 - 666,-,-,411 - 462,463 - 543,-,-,544 - 625,-,626 - 666,-,-,411 - 462,-,-,-,-,-,-,-,-,411 - 552,-,-,553 - 631,632 - 666,-,-,-,-,-,411 - 466,-,511 - 566,611 - 666,-,-,-,-,411 - 462,-,-,-,-,-,-,-,-,Batter
57,JK Fuller,Southern Brave,5,46,117.39,10.8,411 - 436,441 - 462,-,463 - 524,525 - 633,-,634 - 666,-,-,411 - 436,441 - 462,-,463 - 524,525 - 633,-,634 - 666,-,-,411 - 413,414 - 442,-,443 - 516,521 - 632,633 - 651,652 - 666,-,-,411 - 626,-,-,-,631 - 661,-,662 - 666,-,-,411 - 626,-,-,-,631 - 661,-,662 - 666,-,-,411 - 413,414 - 442,-,443 - 516,521 - 632,633 - 651,652 - 666,-,-,Allrounder
58,JL du Plooy,Welsh Fire,4,62,145.16,30.0,411 - 421,-,422 - 425,426 - 453,454 - 626,-,631 - 666,-,-,411 - 421,-,422 - 425,426 - 453,454 - 626,-,631 - 666,-,-,411 - 463,464 - 515,516 - 542,-,543 - 643,644 - 655,656 - 666,-,-,411 - 423,424 - 443,-,444 - 453,454 - 621,-,622 - 666,-,-,411 - 423,424 - 443,-,444 - 453,454 - 621,-,622 - 666,-,-,411 - 463,464 - 515,516 - 542,-,543 - 643,644 - 655,656 - 666,-,-,Batter
59,JM Clarke,Welsh Fire,8,110,92.73,12.75,411 - 534,535 - 543,544 - 544,545 - 554,555 - 645,646 - 655,656 - 666,-,-,411 - 536,541 - 554,-,555 - 612,613 - 661,-,662 - 666,-,-,411 - 536,-,-,-,-,-,-,-,-,411 - 466,511 - 522,523 - 546,-,551 - 654,655 - 666,-,-,-,411 - 442,443 - 461,-,462 - 516,521 - 651,652 - 666,-,-,-,411 - 536,-,-,-,-,-,-,-,-,Wicketkeeper
60,JM Cox,Oval Invincibles,6,133,143.61,38.2,411 - 511,512 - 514,-,515 - 534,535 - 642,643 - 656,661 - 666,-,-,-,411 - 423,-,424 - 452,453 - 622,623 - 632,633 - 666,-,-,-,-,411 - 453,454 - 515,516 - 645,-,646 - 666,-,-,411 - 445,446 - 511,-,-,512 - 666,-,-,-,-,411 - 413,-,414 - 423,424 - 455,456 - 646,651 - 663,664 - 666,-,-,-,-,-,411 - 466,511 - 566,-,611 - 666,-,-,Batter
61,JM Vince,Southern Brave,7,86,158.14,22.67,411 - 454,455 - 466,511 - 515,516 - 552,553 - 635,636 - 654,655 - 663,664 - 666,-,-,411 - 424,-,425 - 442,443 - 621,622 - 635,636 - 666,-,-,-,411 - 424,-,425 - 442,443 - 621,622 - 635,636 - 666,-,-,-,411 - 433,434 - 461,462 - 524,525 - 642,-,643 - 666,-,-,-,-,411 - 416,421 - 436,441 - 616,621 - 636,641 - 656,661 - 666,-,-,-,411 - 416,421 - 436,441 - 616,621 - 636,641 - 656,661 - 666,-,Batter
62,JP Inglis,London Spirit,1,8,37.5,3.0,411 - 643,644 - 655,-,-,656 - 666,-,-,-,-,411 - 643,-,-,-,-,-,-,-,-,411 - 643,-,-,-,-,-,-,-,-,411 - 515,-,-,-,516 - 666,-,-,-,-,411 - 643,-,-,-,-,-,-,-,-,411 - 643,-,-,-,-,-,-,-,-,Wicketkeeper OS
63,JT Ball,Welsh Fire,1,6,-,-,411 - 666,-,-,-,-,-,-,-,-,411 - 666,-,-,-,-,-,-,-,-,411 - 666,-,-,-,-,-,-,-,-,411 - 633,-,-,-,634 - 666,-,-,-,-,411 - 633,-,-,-,634 - 666,-,-,-,-,411 - 633,-,-,-,634 - 666,-,-,-,-,Bowler
64,KA Pollard,London Spirit,5,68,164.71,56.0,411 - 633,-,-,-,-,-,-,-,-,411 - 516,-,521 - 525,526 - 542,543 - 653,-,654 - 666,-,-,-,411 - 413,414 - 443,444 - 463,464 - 636,641 - 653,654 - 666,-,-,411 - 633,-,-,-,-,-,-,-,-,411 - 526,531 - 542,-,-,543 - 655,-,656 - 666,-,-,-,411 - 413,414 - 443,444 - 463,464 - 636,641 - 653,654 - 666,-,-,Allrounder OS
65,KW Richardson,Birmingham Phoenix,3,10,130.0,6.5,411 - 632,633 - 666,-,-,-,-,-,-,-,411 - 632,633 - 666,-,-,-,-,-,-,-,411 - 452,-,-,453 - 524,525 - 561,-,562 - 666,-,-,411 - 632,633 - 666,-,-,-,-,-,-,-,411 - 632,633 - 666,-,-,-,-,-,-,-,411 - 533,534 - 621,-,622 - 666,-,-,-,-,-,Bowler OS
66,L Gregory,Trent Rockets,8,58,165.52,96.0,411 - 533,-,-,-,-,-,-,-,-,-,-,411 - 425,-,426 - 632,-,633 - 666,-,-,411 - 416,421 - 423,424 - 433,434 - 456,461 - 613,614 - 646,651 - 666,-,-,411 - 533,-,-,-,-,-,-,-,-,-,-,411 - 453,-,454 - 645,-,646 - 666,-,-,411 - 555,-,-,-,556 - 644,-,-,645 - 666,-,Allrounder
67,L Wood,Trent Rockets,1,2,-,-,411 - 555,-,-,-,-,-,-,-,-,411 - 555,-,-,-,-,-,-,-,-,411 - 641,-,-,-,642 - 666,-,-,-,-,411 - 555,-,-,-,-,-,-,-,-,411 - 555,-,-,-,-,-,-,-,-,411 - 641,-,-,-,642 - 666,-,-,-,-,Bowler
68,LA Dawson,London Spirit,7,28,125.0,17.5,-,-,-,-,411 - 666,-,-,-,-,-,-,-,-,411 - 666,-,-,-,-,411 - 465,466 - 521,522 - 525,526 - 544,545 - 615,616 - 643,644 - 662,663 - 666,-,-,-,-,-,411 - 666,-,-,-,-,-,-,-,-,411 - 666,-,-,-,-,411 - 463,-,-,-,464 - 625,626 - 666,-,-,-,Allrounder
69,LJ Evans,Manchester Originals,9,93,184.95,24.57,411 - 421,422 - 426,431 - 442,443 - 533,534 - 631,632 - 643,644 - 663,664 - 666,-,411 - 435,436 - 453,454 - 511,512 - 543,544 - 615,616 - 652,653 - 666,-,-,-,-,411 - 436,441 - 453,454 - 566,611 - 623,624 - 666,-,-,-,411 - 433,-,434 - 524,525 - 666,-,-,-,-,411 - 444,445 - 513,514 - 523,524 - 533,534 - 641,-,642 - 666,-,-,-,-,411 - 436,441 - 453,454 - 566,611 - 623,624 - 666,-,-,Batter
70,LS Livingstone,Birmingham Phoenix,6,118,146.61,34.6,411 - 465,466 - 535,-,536 - 565,566 - 653,654 - 666,-,-,-,411 - 514,-,515 - 523,524 - 531,532 - 621,622 - 646,651 - 666,-,-,411 - 544,545 - 556,561 - 631,-,632 - 651,652 - 662,663 - 666,-,-,411 - 515,-,-,-,516 - 666,-,-,-,-,411 - 514,515 - 521,522 - 533,534 - 543,544 - 651,-,652 - 663,664 - 666,-,-,-,411 - 623,-,624 - 666,-,-,-,-,Allrounder
71,M Carter,Trent Rockets,1,3,0.0,0.0,-,411 - 666,-,-,-,-,-,-,-,-,411 - 666,-,-,-,-,-,-,-,-,411 - 666,-,-,-,-,-,-,-,411 - 666,-,-,-,-,-,-,-,-,411 - 666,-,-,-,-,-,-,-,-,411 - 666,-,-,-,-,-,-,-,-,Bowler
72,ME Milnes,Oval Invincibles,2,4,100.0,2.0,411 - 666,-,-,-,-,-,-,-,-,411 - 666,-,-,-,-,-,-,-,-,411 - 511,512 - 626,-,631 - 666,-,-,-,-,-,411 - 666,-,-,-,-,-,-,-,-,411 - 666,-,-,-,-,-,-,-,-,411 - 511,512 - 626,-,631 - 666,-,-,-,-,-,Bowler
73,MG Hogan,Southern Brave,2,4,50.0,2.0,-,-,-,-,411 - 666,-,-,-,-,-,-,-,-,411 - 666,-,-,-,-,-,-,-,-,411 - 666,-,-,-,-,411 - 633,634 - 666,-,-,-,-,-,-,-,411 - 633,634 - 666,-,-,-,-,-,-,-,411 - 633,634 - 666,-,-,-,-,-,-,-,Bowler
74,MJJ Critchley,Welsh Fire,5,75,150.67,37.67,411 - 633,-,-,-,-,-,-,-,-,-,411 - 421,422 - 432,-,433 - 644,645 - 655,656 - 666,-,-,411 - 414,415 - 422,423 - 445,446 - 523,524 - 565,566 - 643,644 - 666,-,-,411 - 633,-,-,-,-,-,-,-,-,411 - 535,536 - 541,542 - 544,545 - 546,551 - 661,-,662 - 666,-,-,411 - 414,415 - 422,423 - 445,446 - 523,524 - 565,566 - 643,644 - 666,-,-,Allrounder
75,MM Ali,Birmingham Phoenix,8,108,158.33,21.38,411 - 514,515 - 523,524 - 526,531 - 553,554 - 663,-,664 - 666,-,-,411 - 453,454 - 512,513 - 536,541 - 552,553 - 626,631 - 651,652 - 666,-,-,411 - 453,-,-,-,-,-,-,-,-,-,411 - 432,433 - 515,516 - 536,541 - 644,-,645 - 666,-,-,411 - 526,531 - 534,535 - 561,562 - 565,566 - 662,663 - 666,-,-,-,411 - 453,-,-,-,-,-,-,-,-,Allrounder
76,MP Stoinis,Southern Brave,5,53,111.32,14.75,411 - 516,521 - 526,-,531 - 545,546 - 632,633 - 642,643 - 666,-,-,411 - 522,523 - 533,534 - 555,-,556 - 666,-,-,-,-,411 - 522,-,-,-,-,-,-,-,-,411 - 515,516 - 613,-,-,614 - 666,-,-,-,-,411 - 446,451 - 456,-,461 - 516,521 - 646,-,651 - 666,-,-,411 - 522,-,-,-,-,-,-,-,-,Allrounder OS
77,MS Crane,London Spirit,1,1,0.0,0.0,-,411 - 666,-,-,-,-,-,-,-,-,411 - 666,-,-,-,-,-,-,-,-,411 - 666,-,-,-,-,-,-,-,-,411 - 666,-,-,-,-,-,-,-,-,411 - 666,-,-,-,-,-,-,-,-,411 - 666,-,-,-,-,-,-,-,Bowler
78,MS Pepper,Northern Superchargers,5,63,122.22,19.25,411 - 516,521 - 526,531 - 535,536 - 563,564 - 632,633 - 666,-,-,-,411 - 462,-,-,463 - 534,535 - 652,653 - 661,662 - 666,-,-,-,-,-,-,411 - 521,522 - 555,556 - 666,-,-,411 - 552,-,-,553 - 612,613 - 666,-,-,-,-,411 - 521,522 - 543,-,544 - 566,611 - 655,-,656 - 666,-,-,-,411 - 536,-,-,-,-,541 - 666,-,-,Wicketkeeper
79,MS Wade,Birmingham Phoenix,7,110,158.18,29.0,411 - 524,-,-,525 - 615,616 - 643,-,644 - 666,-,-,411 - 454,-,455 - 511,512 - 534,535 - 635,636 - 654,655 - 666,-,-,-,411 - 436,441 - 466,511 - 523,524 - 653,-,654 - 666,-,-,-,-,-,-,411 - 666,-,-,-,-,411 - 451,452 - 465,466 - 512,513 - 526,531 - 651,652 - 662,663 - 666,-,-,411 - 533,534 - 621,-,-,-,-,622 - 666,-,-,Wicketkeeper OS
80,MW Parkinson,Manchester Originals,3,10,90.0,4.5,411 - 533,-,-,-,-,-,-,-,-,411 - 533,-,-,-,-,-,-,-,-,411 - 523,524 - 544,-,-,545 - 646,651 - 666,-,-,-,411 - 533,-,-,-,-,-,-,-,-,411 - 533,-,-,-,-,-,-,-,-,411 - 533,534 - 621,622 - 666,-,-,-,-,-,-,Bowler
81,Miles Hammond,Birmingham Phoenix,7,95,124.21,19.67,411 - 523,524 - 525,526 - 535,536 - 565,566 - 635,636 - 662,663 - 664,665 - 666,-,411 - 536,541 - 554,-,555 - 563,564 - 661,662 - 666,-,-,-,-,-,-,-,411 - 666,-,-,-,-,411 - 515,516 - 544,545 - 556,561 - 612,613 - 641,-,642 - 666,-,-,411 - 452,453 - 461,-,462 - 466,511 - 626,631 - 635,636 - 666,-,-,-,-,-,-,411 - 666,-,-,-,-,Batter
82,Mohammad Hasnain,Oval Invincibles,1,4,-,-,411 - 511,-,512 - 551,552 - 631,632 - 666,-,-,-,-,411 - 511,-,512 - 551,552 - 631,632 - 666,-,-,-,-,411 - 511,-,512 - 551,552 - 631,632 - 666,-,-,-,-,411 - 511,-,512 - 551,552 - 631,632 - 666,-,-,-,-,411 - 511,-,512 - 551,552 - 631,632 - 666,-,-,-,-,411 - 511,-,512 - 551,552 - 631,632 - 666,-,-,-,-,Bowler OS
83,NA Sowter,Oval Invincibles,1,3,-,-,-,-,-,411 - 466,511 - 566,-,611 - 666,-,-,-,-,-,411 - 466,511 - 566,-,611 - 666,-,-,-,-,-,411 - 466,511 - 566,-,611 - 666,-,-,-,-,-,411 - 466,511 - 566,-,611 - 666,-,-,-,-,-,411 - 466,511 - 566,-,611 - 666,-,-,-,-,-,411 - 466,511 - 566,-,611 - 666,-,-,Bowler
84,NT Ellis,London Spirit,3,13,-,-,411 - 626,-,-,-,631 - 666,-,-,-,-,411 - 626,-,-,-,631 - 666,-,-,-,-,411 - 621,-,-,-,622 - 656,661 - 666,-,-,-,411 - 626,-,-,-,631 - 666,-,-,-,-,411 - 626,-,-,-,631 - 666,-,-,-,-,-,-,-,-,411 - 666,-,-,-,-,Bowler
85,Noor Ahmad,Welsh Fire,1,4,-,-,411 - 452,-,453 - 524,-,525 - 561,562 - 633,634 - 666,-,-,411 - 452,-,453 - 524,-,525 - 561,562 - 633,634 - 666,-,-,411 - 452,-,453 - 524,-,525 - 561,562 - 633,634 - 666,-,-,411 - 452,-,453 - 524,-,525 - 561,562 - 633,634 - 666,-,-,411 - 452,-,453 - 524,-,525 - 561,562 - 633,634 - 666,-,-,411 - 452,-,453 - 524,-,525 - 561,562 - 633,634 - 666,-,-,Bowler OS
86,OJ Pope,Welsh Fire,2,14,71.43,5.0,411 - 531,532 - 545,-,546 - 563,564 - 635,-,636 - 666,-,-,411 - 666,-,-,-,-,-,-,-,-,411 - 666,-,-,-,-,-,-,-,-,411 - 531,532 - 545,-,546 - 563,564 - 635,-,636 - 666,-,-,-,411 - 666,-,-,-,-,-,-,-,411 - 666,-,-,-,-,-,-,-,-,Batter
87,P Hatzoglou,Oval Invincibles,1,1,-,-,-,-,-,-,411 - 666,-,-,-,-,-,-,-,-,411 - 666,-,-,-,-,-,-,-,-,411 - 666,-,-,-,-,-,-,-,-,411 - 666,-,-,-,-,-,-,-,-,411 - 666,-,-,-,-,-,-,-,-,411 - 666,-,-,-,-,Bowler OS
88,PD Salt,Manchester Originals,10,230,153.04,39.11,411 - 454,455 - 456,461 - 512,513 - 543,544 - 651,652 - 661,662 - 665,666 - 666,-,411 - 424,425 - 431,432 - 441,442 - 444,445 - 631,632 - 644,645 - 654,655 - 666,-,-,411 - 423,424 - 436,441 - 466,511 - 536,541 - 623,624 - 666,-,-,-,411 - 414,415 - 435,436 - 521,522 - 641,642 - 653,654 - 666,-,-,411 - 452,453 - 466,511 - 512,513 - 523,524 - 641,642 - 646,651 - 664,665 - 666,-,-,411 - 423,424 - 436,441 - 466,511 - 536,541 - 623,624 - 666,-,-,Wicketkeeper
89,PI Walter,Manchester Originals,8,49,167.35,11.71,411 - 462,463 - 543,-,-,544 - 641,-,642 - 666,-,-,411 - 462,463 - 543,-,-,544 - 641,-,642 - 666,-,-,-,411 - 431,432 - 513,514 - 526,531 - 633,634 - 654,655 - 666,-,-,411 - 512,513 - 523,-,524 - 545,546 - 644,-,645 - 666,-,-,411 - 512,513 - 523,-,524 - 545,546 - 644,-,645 - 666,-,-,-,411 - 431,432 - 513,514 - 526,531 - 633,634 - 654,655 - 666,-,-,Batter
90,PR Stirling,Southern Brave,3,52,151.92,39.5,411 - 516,521 - 531,-,532 - 611,612 - 641,642 - 655,656 - 666,-,-,411 - 435,-,436 - 511,512 - 525,526 - 652,653 - 666,-,-,-,-,-,-,-,411 - 666,-,-,-,-,411 - 516,521 - 531,-,532 - 611,612 - 641,642 - 655,656 - 666,-,-,411 - 452,-,-,453 - 533,534 - 654,-,655 - 666,-,-,-,-,-,-,411 - 666,-,-,-,-,Batter OS
91,Q de Kock,Southern Brave,7,103,111.65,19.17,411 - 542,543 - 545,546 - 551,552 - 564,565 - 642,643 - 661,662 - 666,-,-,411 - 521,522 - 533,-,534 - 613,614 - 654,655 - 666,-,-,-,411 - 521,-,-,-,-,-,-,-,-,411 - 453,454 - 464,-,465 - 542,543 - 643,644 - 655,656 - 666,-,-,-,411 - 422,423 - 434,-,435 - 654,655 - 666,-,-,-,411 - 521,-,-,-,-,-,-,-,-,Wicketkeeper OS
92,RA Whiteley,Southern Brave,6,101,148.51,30.0,411 - 515,-,-,-,516 - 613,-,614 - 666,-,-,-,411 - 415,416 - 426,431 - 452,453 - 621,622 - 655,656 - 666,-,-,411 - 413,414 - 432,433 - 442,443 - 461,462 - 563,564 - 632,633 - 666,-,-,411 - 515,-,-,-,516 - 613,-,614 - 666,-,-,411 - 423,424 - 431,-,432 - 453,454 - 633,-,634 - 666,-,-,-,-,-,-,411 - 466,511 - 566,611 - 666,-,-,Batter
93,RE van der Merwe,Northern Superchargers,2,32,140.62,45.0,-,-,-,411 - 444,445 - 632,633 - 666,-,-,-,-,-,-,411 - 444,445 - 632,633 - 666,-,-,-,-,411 - 422,423 - 451,452 - 463,464 - 625,626 - 641,642 - 666,-,-,-,-,-,-,411 - 652,653 - 666,-,-,-,-,-,-,-,411 - 652,653 - 666,-,-,-,411 - 533,-,-,-,534 - 666,-,-,-,-,Allrounder
94,RF Higgins,Welsh Fire,2,23,73.91,17.0,411 - 533,-,-,-,-,-,-,-,-,411 - 632,-,-,-,633 - 666,-,-,-,-,411 - 424,425 - 446,-,-,451 - 622,-,623 - 666,-,-,411 - 533,-,-,-,-,-,-,-,-,411 - 553,-,-,-,554 - 643,644 - 666,-,-,-,411 - 444,-,-,-,445 - 555,556 - 633,634 - 666,-,-,Allrounder
95,RJ Gleeson,Manchester Originals,1,8,100.0,8.0,411 - 444,-,-,-,-,-,-,-,-,411 - 444,-,-,-,-,-,-,-,-,411 - 511,512 - 531,-,532 - 551,552 - 631,632 - 651,652 - 666,-,-,411 - 444,-,-,-,-,-,-,-,-,411 - 444,-,-,-,-,-,-,-,-,411 - 511,512 - 531,-,532 - 551,552 - 631,632 - 651,652 - 666,-,-,Bowler
96,RR Rossouw,Oval Invincibles,6,62,112.9,11.67,411 - 456,461 - 522,523 - 526,531 - 552,553 - 651,652 - 655,656 - 666,-,-,411 - 422,423 - 515,-,-,516 - 613,614 - 641,642 - 666,-,-,411 - 422,-,-,-,-,-,-,-,-,411 - 415,-,-,416 - 524,525 - 666,-,-,-,-,411 - 535,-,536 - 544,545 - 553,554 - 666,-,-,-,-,411 - 422,-,-,-,-,-,-,-,-,Batter OS
97,RS Bopara,London Spirit,4,58,184.48,26.75,411 - 443,-,444 - 465,466 - 565,566 - 666,-,-,-,-,411 - 443,-,444 - 465,466 - 565,566 - 666,-,-,-,-,411 - 461,462 - 516,521 - 543,544 - 554,555 - 621,622 - 636,641 - 666,-,-,411 - 465,466 - 522,-,523 - 552,553 - 653,654 - 666,-,-,-,411 - 465,466 - 522,-,523 - 552,553 - 653,654 - 666,-,-,-,411 - 533,-,534 - 551,-,552 - 653,-,654 - 666,-,-,Allrounder
98,Rehan Ahmed,Southern Brave,2,29,117.24,34.0,411 - 465,-,-,466 - 565,566 - 666,-,-,-,-,411 - 516,-,-,521 - 551,552 - 622,623 - 653,654 - 666,-,-,411 - 511,512 - 551,-,-,552 - 631,-,632 - 666,-,-,-,-,-,-,411 - 666,-,-,-,-,411 - 452,-,-,453 - 464,465 - 666,-,-,-,-,411 - 511,512 - 551,-,-,552 - 631,-,632 - 666,-,-,Bowler
99,S Baker,Southern Brave,1,2,0.0,0.0,-,411 - 536,-,-,-,541 - 666,-,-,-,-,411 - 536,-,-,-,541 - 666,-,-,-,-,411 - 536,-,-,-,541 - 666,-,-,-,-,411 - 536,-,-,-,541 - 666,-,-,-,-,411 - 536,-,-,-,541 - 666,-,-,-,-,411 - 536,-,-,-,541 - 666,-,-,-,Bowler
100,SA Abbott,Manchester Originals,2,11,100.0,5.5,411 - 532,533 - 554,555 - 621,-,622 - 643,-,644 - 666,-,-,411 - 532,533 - 554,555 - 621,-,622 - 643,-,644 - 666,-,-,411 - 641,642 - 653,-,-,654 - 666,-,-,-,-,-,-,-,-,411 - 666,-,-,-,-,-,-,-,-,411 - 666,-,-,-,-,411 - 641,642 - 653,-,-,654 - 666,-,-,-,-,Bowler OS
101,SG Budinger,Birmingham Phoenix,1,1,0.0,0.0,-,411 - 666,-,-,-,-,-,-,-,-,411 - 666,-,-,-,-,-,-,-,-,411 - 666,-,-,-,-,-,-,-,-,411 - 666,-,-,-,-,-,-,-,-,411 - 666,-,-,-,-,-,-,-,-,411 - 666,-,-,-,-,-,-,-,Batter
102,SM Curran,Oval Invincibles,8,142,130.99,26.57,411 - 533,534 - 541,-,542 - 545,546 - 636,641 - 653,654 - 666,-,-,411 - 462,463 - 463,464 - 521,522 - 526,531 - 643,644 - 661,662 - 666,-,-,411 - 461,462 - 554,-,-,555 - 651,-,652 - 666,-,-,-,-,-,-,411 - 566,611 - 666,-,-,-,411 - 414,415 - 421,422 - 431,432 - 444,445 - 622,623 - 642,643 - 666,-,-,-,411 - 444,445 - 522,523 - 555,556 - 666,-,-,-,-,Allrounder
103,SP Narine,Oval Invincibles,5,37,116.22,21.5,411 - 465,466 - 565,-,566 - 666,-,-,-,-,-,411 - 462,-,463 - 523,524 - 544,545 - 625,626 - 645,646 - 666,-,-,411 - 454,455 - 461,462 - 465,466 - 516,521 - 564,565 - 666,-,-,-,411 - 465,466 - 565,-,566 - 666,-,-,-,-,-,411 - 526,-,-,-,531 - 666,-,-,-,-,411 - 533,-,-,-,534 - 621,622 - 666,-,-,-,Allrounder OS
104,SR Hain,Welsh Fire,3,36,102.78,12.33,411 - 545,546 - 552,553 - 555,556 - 616,621 - 655,656 - 663,-,664 - 666,-,-,-,-,-,411 - 666,-,-,-,-,-,-,-,-,411 - 666,-,-,-,-,411 - 545,546 - 552,553 - 555,556 - 616,621 - 655,656 - 663,-,664 - 666,-,411 - 526,531 - 616,-,-,621 - 666,-,-,-,-,411 - 526,531 - 616,-,-,621 - 666,-,-,-,-,Batter
105,SR Patel,Trent Rockets,3,39,110.26,14.33,411 - 554,555 - 565,-,566 - 613,614 - 655,656 - 663,664 - 666,-,-,411 - 554,555 - 565,-,566 - 613,614 - 655,656 - 663,664 - 666,-,-,411 - 554,-,-,-,-,-,-,-,-,411 - 456,461 - 465,466 - 533,-,534 - 661,-,662 - 666,-,-,411 - 456,461 - 465,466 - 533,-,534 - 661,-,662 - 666,-,-,411 - 554,-,-,-,-,-,-,-,-,Allrounder
106,SW Billings,Oval Invincibles,7,61,131.15,13.33,-,411 - 425,426 - 444,-,445 - 651,-,652 - 666,-,-,411 - 443,444 - 521,-,522 - 543,544 - 632,633 - 643,644 - 666,-,-,-,411 - 536,-,541 - 666,-,-,-,-,-,411 - 515,-,-,-,516 - 666,-,-,-,-,411 - 513,514 - 516,521 - 526,531 - 551,552 - 656,661 - 663,664 - 666,-,-,-,411 - 536,-,541 - 666,-,-,-,-,-,Wicketkeeper
107,T Banton,Welsh Fire,6,79,105.06,13.83,411 - 535,536 - 546,551 - 554,555 - 611,612 - 646,651 - 663,664 - 666,-,-,-,411 - 426,-,-,431 - 566,-,611 - 666,-,-,-,411 - 426,-,-,431 - 566,-,611 - 666,-,-,411 - 542,-,-,-,543 - 641,-,642 - 666,-,-,411 - 413,414 - 425,426 - 436,-,441 - 564,565 - 631,632 - 666,-,-,411 - 413,414 - 425,426 - 436,-,441 - 564,565 - 631,632 - 666,-,-,Wicketkeeper
108,T Kohler-Cadmore,Trent Rockets,9,119,110.92,14.67,411 - 543,-,-,544 - 553,554 - 646,-,651 - 663,664 - 666,-,411 - 414,415 - 436,441 - 443,444 - 456,461 - 634,635 - 651,652 - 666,-,-,411 - 641,642 - 666,-,-,-,-,-,-,-,411 - 545,-,-,546 - 556,561 - 666,-,-,-,-,411 - 463,464 - 515,516 - 536,-,541 - 651,652 - 663,664 - 666,-,-,411 - 641,642 - 666,-,-,-,-,-,-,-,Wicketkeeper
109,T Sangha,Birmingham Phoenix,1,9,-,-,411 - 523,-,-,524 - 544,545 - 646,651 - 666,-,-,-,411 - 523,-,-,524 - 544,545 - 646,651 - 666,-,-,-,411 - 523,-,-,524 - 544,545 - 646,651 - 666,-,-,-,411 - 633,-,634 - 651,-,-,652 - 666,-,-,-,411 - 633,-,634 - 651,-,-,652 - 666,-,-,-,411 - 633,-,634 - 651,-,-,652 - 666,-,-,-,Bowler OS
110,T Stubbs,Manchester Originals,9,107,146.73,19.62,411 - 565,-,-,-,566 - 653,-,654 - 666,-,-,411 - 426,431 - 433,434 - 454,455 - 515,516 - 645,646 - 661,662 - 666,-,-,411 - 511,512 - 535,536 - 563,-,564 - 666,-,-,-,-,-,-,-,-,411 - 666,-,-,-,-,411 - 442,443 - 462,463 - 516,521 - 525,526 - 643,644 - 652,653 - 666,-,-,411 - 511,512 - 535,536 - 563,-,564 - 666,-,-,-,-,Batter OS
111,TA Lammonby,Manchester Originals,3,37,162.16,30.0,-,-,-,411 - 432,433 - 536,541 - 562,563 - 666,-,-,-,-,-,411 - 432,433 - 536,541 - 562,563 - 666,-,-,411 - 454,455 - 513,514 - 522,523 - 614,615 - 651,-,652 - 666,-,-,-,-,-,-,411 - 666,-,-,-,-,-,-,-,-,411 - 666,-,-,-,-,411 - 454,455 - 513,514 - 522,523 - 614,615 - 651,-,652 - 666,-,-,Allrounder
112,TG Helm,Birmingham Phoenix,5,47,97.87,15.33,411 - 615,-,-,616 - 623,624 - 661,662 - 666,-,-,-,411 - 615,-,-,616 - 623,624 - 661,662 - 666,-,-,-,411 - 511,512 - 524,-,525 - 533,534 - 621,622 - 626,631 - 666,-,-,411 - 656,661 - 661,662 - 662,-,663 - 666,-,-,-,-,411 - 656,661 - 661,662 - 662,-,663 - 666,-,-,-,-,411 - 463,-,464 - 544,-,545 - 666,-,-,-,-,Bowler
113,TH David,Southern Brave,7,56,150.0,16.8,411 - 665,-,-,-,666 - 666,-,-,-,-,411 - 426,431 - 453,-,454 - 535,536 - 636,641 - 644,645 - 666,-,-,411 - 412,413 - 431,432 - 464,465 - 541,542 - 651,-,652 - 666,-,-,411 - 665,-,-,-,666 - 666,-,-,-,-,411 - 526,-,-,531 - 542,543 - 666,-,-,-,-,411 - 412,413 - 431,432 - 464,465 - 541,542 - 651,-,652 - 666,-,-,Batter OS
114,TJ Moores,Trent Rockets,2,21,104.76,11.0,-,-,-,-,411 - 666,-,-,-,-,-,-,-,-,411 - 666,-,-,-,-,-,411 - 536,-,-,541 - 666,-,-,-,-,411 - 421,422 - 433,-,434 - 445,446 - 641,-,642 - 666,-,-,411 - 421,422 - 433,-,434 - 445,446 - 641,-,642 - 666,-,-,-,411 - 536,-,-,541 - 666,-,-,-,-,Wicketkeeper
115,TK Curran,Oval Invincibles,6,51,223.53,38.0,411 - 512,-,513 - 531,532 - 614,615 - 642,643 - 651,652 - 666,-,-,411 - 512,-,513 - 531,532 - 614,615 - 642,643 - 651,652 - 666,-,-,411 - 464,465 - 521,522 - 556,561 - 631,632 - 661,-,662 - 666,-,-,411 - 465,-,466 - 535,-,536 - 565,566 - 635,636 - 666,-,-,411 - 465,-,466 - 535,-,536 - 565,566 - 635,636 - 666,-,-,-,411 - 444,-,445 - 522,523 - 555,556 - 666,-,-,-,Allrounder
116,TS Mills,Southern Brave,1,2,0.0,0.0,411 - 641,642 - 666,-,-,-,-,-,-,-,411 - 641,642 - 666,-,-,-,-,-,-,-,411 - 641,642 - 666,-,-,-,-,-,-,-,411 - 641,642 - 666,-,-,-,-,-,-,-,411 - 641,642 - 666,-,-,-,-,-,-,-,411 - 641,642 - 666,-,-,-,-,-,-,-,Bowler
117,TW Hartley,Manchester Originals,3,39,112.82,44.0,-,-,-,-,411 - 536,541 - 636,641 - 666,-,-,-,-,-,-,411 - 536,541 - 636,641 - 666,-,-,411 - 513,514 - 521,-,522 - 525,526 - 622,623 - 642,643 - 666,-,-,411 - 515,-,-,516 - 533,534 - 635,636 - 653,654 - 666,-,-,411 - 515,-,-,516 - 533,534 - 635,636 - 653,654 - 666,-,-,411 - 463,-,464 - 544,-,545 - 625,-,626 - 666,-,-,Bowler
118,WCF Smeed,Birmingham Phoenix,8,103,173.79,25.57,411 - 515,516 - 533,534 - 543,544 - 612,613 - 656,661 - 662,663 - 666,-,-,411 - 462,463 - 511,512 - 534,535 - 552,553 - 624,625 - 642,643 - 666,-,-,-,-,411 - 423,424 - 466,511 - 636,-,641 - 666,-,-,-,411 - 432,433 - 453,454 - 536,541 - 666,-,-,-,-,411 - 445,-,446 - 524,525 - 536,541 - 654,-,655 - 666,-,-,-,-,411 - 423,424 - 466,511 - 636,-,641 - 666,-,-,Batter
119,WD Parnell,Northern Superchargers,1,10,-,-,-,-,-,411 - 432,433 - 536,541 - 562,563 - 666,-,-,-,-,-,411 - 432,433 - 536,541 - 562,563 - 666,-,-,-,-,-,411 - 432,433 - 536,541 - 562,563 - 666,-,-,411 - 666,-,-,-,-,-,-,-,-,411 - 666,-,-,-,-,-,-,-,-,411 - 666,-,-,-,-,-,-,-,-,Bowler OS
120,WG Jacks,Oval Invincibles,7,152,171.71,43.5,411 - 513,514 - 524,525 - 531,532 - 561,562 - 651,652 - 661,662 - 666,-,-,-,411 - 413,414 - 433,434 - 463,464 - 653,654 - 656,661 - 666,-,-,-,411 - 423,424 - 466,511 - 553,554 - 623,624 - 653,654 - 666,-,-,411 - 461,-,-,462 - 524,525 - 666,-,-,-,-,411 - 421,-,422 - 442,443 - 463,464 - 654,655 - 662,663 - 666,-,-,-,-,411 - 536,541 - 623,624 - 666,-,-,-,-,Batter
121,WL Madsen,Manchester Originals,9,129,120.93,19.5,411 - 536,541 - 545,-,546 - 554,555 - 643,-,644 - 666,-,-,411 - 453,454 - 511,-,512 - 525,526 - 644,645 - 646,651 - 662,663 - 666,-,411 - 461,462 - 516,-,521 - 535,536 - 632,633 - 651,652 - 666,-,-,411 - 615,-,-,616 - 625,626 - 656,-,-,661 - 666,-,411 - 412,413 - 415,416 - 422,423 - 451,452 - 624,625 - 634,635 - 666,-,-,411 - 461,462 - 516,-,521 - 535,536 - 632,633 - 651,652 - 666,-,-,Batter
122,Z Crawley,London Spirit,5,108,121.3,26.2,411 - 541,542 - 543,544 - 545,546 - 612,613 - 644,645 - 662,663 - 666,-,-,411 - 415,416 - 453,-,454 - 464,465 - 632,633 - 643,644 - 666,-,-,411 - 415,-,-,-,-,-,-,-,-,411 - 525,-,526 - 533,534 - 612,613 - 651,652 - 655,656 - 666,-,-,411 - 442,443 - 453,454 - 464,-,465 - 616,621 - 632,633 - 666,-,-,411 - 415,-,-,-,-,-,-,-,-,Batter
